[{"sampleId": 328, "boundingBoxes": [{"label": 1, "x": 5, "y": 19, "w": 40, "h": 37}, {"label": 1, "x": 48, "y": 14, "w": 40, "h": 38}]}, {"sampleId": 362, "boundingBoxes": [{"label": 2, "x": 39, "y": 5, "w": 18, "h": 19}, {"label": 2, "x": 21, "y": 24, "w": 21, "h": 19}, {"label": 1, "x": 23, "y": 43, "w": 20, "h": 20}, {"label": 1, "x": 59, "y": 22, "w": 20, "h": 19}, {"label": 1, "x": 43, "y": 41, "w": 19, "h": 19}]}, {"sampleId": 164, "boundingBoxes": [{"label": 1, "x": 9, "y": 13, "w": 38, "h": 39}, {"label": 1, "x": 46, "y": 20, "w": 38, "h": 37}]}, {"sampleId": 262, "boundingBoxes": [{"label": 1, "x": 8, "y": 18, "w": 67, "h": 66}]}, {"sampleId": 320, "boundingBoxes": [{"label": 2, "x": 31, "y": 17, "w": 38, "h": 38}]}, {"sampleId": 394, "boundingBoxes": [{"label": 1, "x": 48, "y": 15, "w": 33, "h": 33}, {"label": 2, "x": 15, "y": 25, "w": 32, "h": 33}]}, {"sampleId": 442, "boundingBoxes": [{"label": 1, "x": 13, "y": 5, "w": 22, "h": 23}, {"label": 1, "x": 37, "y": 37, "w": 21, "h": 23}, {"label": 1, "x": 60, "y": 43, "w": 24, "h": 24}, {"label": 1, "x": -4, "y": 53, "w": 24, "h": 24}, {"label": 1, "x": 30, "y": 62, "w": 25, "h": 24}, {"label": 2, "x": 4, "y": 29, "w": 23, "h": 24}, {"label": 2, "x": 40, "y": 12, "w": 20, "h": 23}, {"label": 2, "x": 65, "y": 19, "w": 22, "h": 23}, {"label": 2, "x": 54, "y": 66, "w": 27, "h": 25}]}, {"sampleId": 525, "boundingBoxes": [{"label": 1, "x": 18, "y": 25, "w": 26, "h": 26}, {"label": 1, "x": 59, "y": 21, "w": 27, "h": 25}]}, {"sampleId": 237, "boundingBoxes": [{"label": 2, "x": 18, "y": 11, "w": 18, "h": 17}, {"label": 2, "x": 50, "y": 9, "w": 17, "h": 18}, {"label": 1, "x": 57, "y": 43, "w": 17, "h": 15}, {"label": 1, "x": 25, "y": 40, "w": 17, "h": 16}]}, {"sampleId": 212, "boundingBoxes": [{"label": 1, "x": 25, "y": 14, "w": 46, "h": 44}]}, {"sampleId": 342, "boundingBoxes": [{"label": 2, "x": 23, "y": 12, "w": 19, "h": 20}, {"label": 1, "x": 55, "y": 40, "w": 20, "h": 19}]}, {"sampleId": 323, "boundingBoxes": [{"label": 1, "x": 28, "y": 18, "w": 14, "h": 15}, {"label": 1, "x": 61, "y": 32, "w": 15, "h": 15}]}, {"sampleId": 568, "boundingBoxes": [{"label": 1, "x": 0, "y": 21, "w": 22, "h": 23}, {"label": 1, "x": 38, "y": 37, "w": 21, "h": 23}, {"label": 1, "x": 61, "y": 29, "w": 24, "h": 24}, {"label": 1, "x": 9, "y": 71, "w": 24, "h": 24}, {"label": 1, "x": 44, "y": 61, "w": 25, "h": 24}, {"label": 2, "x": 5, "y": 45, "w": 23, "h": 24}, {"label": 2, "x": 28, "y": 14, "w": 20, "h": 23}, {"label": 2, "x": 53, "y": 7, "w": 22, "h": 23}, {"label": 2, "x": 67, "y": 52, "w": 27, "h": 25}]}, {"sampleId": 577, "boundingBoxes": [{"label": 2, "x": 41, "y": 25, "w": 20, "h": 20}]}, {"sampleId": 228, "boundingBoxes": [{"label": 1, "x": 18, "y": 0, "w": 23, "h": 23}, {"label": 1, "x": 38, "y": 24, "w": 21, "h": 21}, {"label": 1, "x": 59, "y": 26, "w": 22, "h": 22}, {"label": 1, "x": 13, "y": 42, "w": 23, "h": 23}, {"label": 1, "x": 35, "y": 45, "w": 22, "h": 23}, {"label": 2, "x": 41, "y": 2, "w": 20, "h": 21}, {"label": 2, "x": 61, "y": 5, "w": 22, "h": 22}, {"label": 2, "x": 56, "y": 47, "w": 23, "h": 22}, {"label": 2, "x": 16, "y": 21, "w": 23, "h": 21}]}, {"sampleId": 47, "boundingBoxes": [{"label": 1, "x": 56, "y": 3, "w": 14, "h": 14}, {"label": 2, "x": 17, "y": 9, "w": 13, "h": 13}, {"label": 1, "x": 46, "y": 40, "w": 23, "h": 24}]}, {"sampleId": 96, "boundingBoxes": [{"label": 1, "x": 10, "y": 6, "w": 15, "h": 17}, {"label": 1, "x": 69, "y": 57, "w": 16, "h": 15}, {"label": 2, "x": 43, "y": 11, "w": 15, "h": 17}, {"label": 2, "x": 66, "y": 21, "w": 16, "h": 15}, {"label": 2, "x": 44, "y": 46, "w": 16, "h": 15}, {"label": 1, "x": 14, "y": 53, "w": 15, "h": 15}, {"label": 2, "x": 46, "y": 76, "w": 17, "h": 15}]}, {"sampleId": 443, "boundingBoxes": [{"label": 2, "x": 16, "y": 10, "w": 19, "h": 20}, {"label": 2, "x": 39, "y": 15, "w": 17, "h": 19}, {"label": 2, "x": 64, "y": 19, "w": 20, "h": 21}, {"label": 2, "x": 9, "y": 32, "w": 19, "h": 21}, {"label": 2, "x": 36, "y": 38, "w": 19, "h": 20}, {"label": 2, "x": 54, "y": 69, "w": 24, "h": 23}, {"label": 2, "x": 1, "y": 61, "w": 21, "h": 21}, {"label": 2, "x": 30, "y": 66, "w": 20, "h": 20}, {"label": 1, "x": 60, "y": 42, "w": 21, "h": 21}]}, {"sampleId": 548, "boundingBoxes": [{"label": 1, "x": 24, "y": 12, "w": 38, "h": 38}]}, {"sampleId": 509, "boundingBoxes": [{"label": 2, "x": 21, "y": 27, "w": 55, "h": 55}]}, {"sampleId": 474, "boundingBoxes": [{"label": 1, "x": 17, "y": -2, "w": 19, "h": 21}, {"label": 1, "x": 62, "y": 63, "w": 19, "h": 18}, {"label": 2, "x": 48, "y": 11, "w": 19, "h": 20}, {"label": 2, "x": 68, "y": 27, "w": 19, "h": 18}, {"label": 2, "x": 40, "y": 45, "w": 19, "h": 19}, {"label": 1, "x": 10, "y": 44, "w": 19, "h": 19}, {"label": 2, "x": 35, "y": 75, "w": 21, "h": 18}]}, {"sampleId": 54, "boundingBoxes": [{"label": 2, "x": 24, "y": 1, "w": 23, "h": 24}, {"label": 2, "x": 15, "y": 40, "w": 21, "h": 22}, {"label": 2, "x": 62, "y": 34, "w": 21, "h": 20}]}, {"sampleId": 366, "boundingBoxes": [{"label": 1, "x": 26, "y": 5, "w": 15, "h": 17}, {"label": 1, "x": 56, "y": 15, "w": 16, "h": 17}, {"label": 2, "x": 12, "y": 27, "w": 20, "h": 19}, {"label": 2, "x": 60, "y": 45, "w": 21, "h": 20}]}, {"sampleId": 554, "boundingBoxes": [{"label": 2, "x": 22, "y": 15, "w": 34, "h": 35}]}, {"sampleId": 88, "boundingBoxes": [{"label": 2, "x": 19, "y": 10, "w": 54, "h": 54}]}, {"sampleId": 376, "boundingBoxes": [{"label": 2, "x": 44, "y": 10, "w": 17, "h": 14}, {"label": 1, "x": 57, "y": 36, "w": 17, "h": 16}, {"label": 2, "x": 15, "y": 32, "w": 17, "h": 17}, {"label": 1, "x": 40, "y": 29, "w": 15, "h": 13}]}, {"sampleId": 40, "boundingBoxes": [{"label": 1, "x": 8, "y": 20, "w": 32, "h": 29}, {"label": 2, "x": 55, "y": 20, "w": 30, "h": 29}]}, {"sampleId": 195, "boundingBoxes": [{"label": 1, "x": 25, "y": 9, "w": 24, "h": 23}, {"label": 2, "x": 36, "y": 40, "w": 30, "h": 31}]}, {"sampleId": 489, "boundingBoxes": [{"label": 2, "x": 19, "y": 6, "w": 21, "h": 20}, {"label": 2, "x": 52, "y": 10, "w": 19, "h": 21}, {"label": 1, "x": 53, "y": 45, "w": 19, "h": 17}, {"label": 1, "x": 22, "y": 36, "w": 19, "h": 19}]}, {"sampleId": 29, "boundingBoxes": [{"label": 2, "x": 52, "y": 24, "w": 11, "h": 11}, {"label": 2, "x": 34, "y": 39, "w": 11, "h": 13}]}, {"sampleId": 265, "boundingBoxes": [{"label": 1, "x": 17, "y": 15, "w": 18, "h": 19}, {"label": 1, "x": 20, "y": 42, "w": 20, "h": 20}, {"label": 1, "x": 49, "y": 36, "w": 19, "h": 17}]}, {"sampleId": 196, "boundingBoxes": [{"label": 2, "x": 23, "y": 42, "w": 17, "h": 15}, {"label": 2, "x": 63, "y": 12, "w": 16, "h": 17}]}, {"sampleId": 220, "boundingBoxes": [{"label": 1, "x": 14, "y": 8, "w": 15, "h": 15}, {"label": 1, "x": 40, "y": 28, "w": 14, "h": 13}, {"label": 1, "x": 16, "y": 48, "w": 15, "h": 14}, {"label": 2, "x": 57, "y": 9, "w": 15, "h": 15}, {"label": 2, "x": 56, "y": 49, "w": 16, "h": 14}]}, {"sampleId": 144, "boundingBoxes": [{"label": 2, "x": 26, "y": 2, "w": 30, "h": 30}, {"label": 1, "x": 47, "y": 30, "w": 30, "h": 30}]}, {"sampleId": 183, "boundingBoxes": [{"label": 2, "x": 50, "y": 8, "w": 23, "h": 24}, {"label": 2, "x": 20, "y": 33, "w": 24, "h": 24}, {"label": 2, "x": 51, "y": 39, "w": 24, "h": 24}]}, {"sampleId": 186, "boundingBoxes": [{"label": 1, "x": 25, "y": 9, "w": 20, "h": 21}, {"label": 2, "x": 34, "y": 47, "w": 20, "h": 19}, {"label": 2, "x": 55, "y": 14, "w": 20, "h": 21}]}, {"sampleId": 517, "boundingBoxes": [{"label": 1, "x": 14, "y": 17, "w": 21, "h": 21}, {"label": 1, "x": 22, "y": 44, "w": 22, "h": 23}, {"label": 1, "x": 50, "y": 32, "w": 21, "h": 20}]}, {"sampleId": 358, "boundingBoxes": [{"label": 2, "x": 16, "y": 13, "w": 21, "h": 21}, {"label": 1, "x": 53, "y": 3, "w": 22, "h": 23}, {"label": 1, "x": 48, "y": 43, "w": 22, "h": 22}]}, {"sampleId": 527, "boundingBoxes": [{"label": 2, "x": 23, "y": 24, "w": 29, "h": 29}, {"label": 2, "x": 58, "y": 10, "w": 31, "h": 28}]}, {"sampleId": 258, "boundingBoxes": [{"label": 2, "x": 52, "y": 69, "w": 13, "h": 13}]}, {"sampleId": 337, "boundingBoxes": [{"label": 1, "x": 25, "y": 11, "w": 57, "h": 56}]}, {"sampleId": 145, "boundingBoxes": [{"label": 2, "x": 35, "y": 18, "w": 33, "h": 33}]}, {"sampleId": 239, "boundingBoxes": [{"label": 2, "x": 42, "y": 11, "w": 21, "h": 21}, {"label": 1, "x": 26, "y": 30, "w": 20, "h": 20}, {"label": 1, "x": 52, "y": 39, "w": 21, "h": 20}]}, {"sampleId": 282, "boundingBoxes": [{"label": 1, "x": 38, "y": 24, "w": 30, "h": 30}]}, {"sampleId": 343, "boundingBoxes": [{"label": 2, "x": 33, "y": 21, "w": 28, "h": 28}]}, {"sampleId": 429, "boundingBoxes": [{"label": 1, "x": 44, "y": 15, "w": 21, "h": 22}, {"label": 2, "x": 54, "y": 37, "w": 22, "h": 21}, {"label": 2, "x": 24, "y": 36, "w": 21, "h": 21}]}, {"sampleId": 475, "boundingBoxes": [{"label": 1, "x": 12, "y": 5, "w": 32, "h": 31}, {"label": 2, "x": 61, "y": 34, "w": 31, "h": 31}, {"label": 2, "x": 19, "y": 56, "w": 30, "h": 30}]}, {"sampleId": 472, "boundingBoxes": [{"label": 1, "x": 17, "y": 3, "w": 17, "h": 17}, {"label": 1, "x": 39, "y": 27, "w": 15, "h": 15}, {"label": 1, "x": 12, "y": 42, "w": 17, "h": 16}, {"label": 2, "x": 59, "y": 11, "w": 17, "h": 17}, {"label": 2, "x": 51, "y": 50, "w": 17, "h": 16}]}, {"sampleId": 6, "boundingBoxes": [{"label": 2, "x": 50, "y": 70, "w": 12, "h": 12}]}, {"sampleId": 261, "boundingBoxes": [{"label": 2, "x": 3, "y": 5, "w": 34, "h": 36}, {"label": 2, "x": 52, "y": 26, "w": 36, "h": 33}, {"label": 1, "x": 8, "y": 60, "w": 34, "h": 36}]}, {"sampleId": 345, "boundingBoxes": [{"label": 2, "x": 15, "y": 9, "w": 15, "h": 16}, {"label": 2, "x": 22, "y": 51, "w": 15, "h": 15}, {"label": 2, "x": 57, "y": 7, "w": 15, "h": 15}, {"label": 2, "x": 63, "y": 46, "w": 15, "h": 13}]}, {"sampleId": 573, "boundingBoxes": [{"label": 1, "x": 19, "y": 12, "w": 27, "h": 26}, {"label": 2, "x": 41, "y": 36, "w": 34, "h": 35}]}, {"sampleId": 86, "boundingBoxes": [{"label": 1, "x": 27, "y": 16, "w": 43, "h": 41}]}, {"sampleId": 115, "boundingBoxes": [{"label": 2, "x": 34, "y": 9, "w": 22, "h": 24}, {"label": 1, "x": 49, "y": 40, "w": 24, "h": 21}]}, {"sampleId": 7, "boundingBoxes": [{"label": 1, "x": 62, "y": 65, "w": 12, "h": 12}]}, {"sampleId": 236, "boundingBoxes": [{"label": 2, "x": 43, "y": 6, "w": 18, "h": 19}, {"label": 2, "x": 22, "y": 22, "w": 21, "h": 19}, {"label": 1, "x": 20, "y": 40, "w": 20, "h": 20}, {"label": 1, "x": 59, "y": 25, "w": 20, "h": 19}, {"label": 1, "x": 40, "y": 42, "w": 19, "h": 19}]}, {"sampleId": 232, "boundingBoxes": [{"label": 2, "x": 19, "y": 9, "w": 21, "h": 21}, {"label": 1, "x": 56, "y": 6, "w": 22, "h": 23}, {"label": 1, "x": 45, "y": 45, "w": 22, "h": 22}]}, {"sampleId": 285, "boundingBoxes": [{"label": 2, "x": 27, "y": 13, "w": 49, "h": 49}]}, {"sampleId": 242, "boundingBoxes": [{"label": 1, "x": 14, "y": 4, "w": 17, "h": 18}, {"label": 1, "x": 29, "y": 19, "w": 15, "h": 16}, {"label": 1, "x": 45, "y": 31, "w": 16, "h": 17}, {"label": 1, "x": 60, "y": 46, "w": 19, "h": 19}]}, {"sampleId": 267, "boundingBoxes": [{"label": 2, "x": 40, "y": 5, "w": 18, "h": 20}, {"label": 2, "x": 18, "y": 31, "w": 19, "h": 17}, {"label": 2, "x": 59, "y": 41, "w": 21, "h": 20}]}, {"sampleId": 106, "boundingBoxes": [{"label": 2, "x": 18, "y": 12, "w": 19, "h": 19}, {"label": 1, "x": 55, "y": 5, "w": 20, "h": 22}, {"label": 1, "x": 47, "y": 45, "w": 20, "h": 20}]}, {"sampleId": 590, "boundingBoxes": [{"label": 1, "x": 22, "y": 11, "w": 52, "h": 50}]}, {"sampleId": 450, "boundingBoxes": [{"label": 2, "x": 41, "y": 31, "w": 16, "h": 16}]}, {"sampleId": 24, "boundingBoxes": [{"label": 2, "x": 13, "y": 24, "w": 24, "h": 23}, {"label": 1, "x": 57, "y": 26, "w": 24, "h": 23}]}, {"sampleId": 168, "boundingBoxes": [{"label": 2, "x": 21, "y": 16, "w": 49, "h": 50}]}, {"sampleId": 63, "boundingBoxes": [{"label": 2, "x": 42, "y": 5, "w": 15, "h": 17}, {"label": 2, "x": 56, "y": 50, "w": 17, "h": 15}, {"label": 1, "x": 41, "y": 27, "w": 15, "h": 16}, {"label": 1, "x": 13, "y": 31, "w": 17, "h": 17}]}, {"sampleId": 305, "boundingBoxes": [{"label": 2, "x": 15, "y": 22, "w": 19, "h": 19}, {"label": 2, "x": 39, "y": 44, "w": 18, "h": 19}, {"label": 1, "x": 45, "y": 20, "w": 19, "h": 18}]}, {"sampleId": 188, "boundingBoxes": [{"label": 2, "x": 25, "y": 9, "w": 19, "h": 20}, {"label": 1, "x": 56, "y": 44, "w": 21, "h": 19}, {"label": 1, "x": 56, "y": 11, "w": 19, "h": 19}, {"label": 1, "x": 23, "y": 42, "w": 20, "h": 19}]}, {"sampleId": 215, "boundingBoxes": [{"label": 1, "x": 6, "y": 13, "w": 39, "h": 36}, {"label": 1, "x": 50, "y": 17, "w": 40, "h": 36}]}, {"sampleId": 512, "boundingBoxes": [{"label": 2, "x": -3, "y": 5, "w": 48, "h": 50}, {"label": 1, "x": 47, "y": 14, "w": 39, "h": 39}, {"label": 2, "x": 8, "y": 51, "w": 51, "h": 51}]}, {"sampleId": 41, "boundingBoxes": [{"label": 1, "x": 19, "y": 6, "w": 53, "h": 53}]}, {"sampleId": 350, "boundingBoxes": [{"label": 1, "x": 16, "y": 11, "w": 25, "h": 28}, {"label": 2, "x": 50, "y": 55, "w": 30, "h": 27}]}, {"sampleId": 28, "boundingBoxes": [{"label": 1, "x": 61, "y": 32, "w": 17, "h": 15}, {"label": 1, "x": 19, "y": 29, "w": 18, "h": 18}]}, {"sampleId": 14, "boundingBoxes": [{"label": 2, "x": 42, "y": 7, "w": 19, "h": 20}, {"label": 2, "x": 14, "y": 35, "w": 20, "h": 19}, {"label": 2, "x": 55, "y": 30, "w": 20, "h": 18}]}, {"sampleId": 452, "boundingBoxes": [{"label": 2, "x": 14, "y": 3, "w": 71, "h": 71}]}, {"sampleId": 545, "boundingBoxes": [{"label": 1, "x": 13, "y": 0, "w": 65, "h": 65}]}, {"sampleId": 612, "boundingBoxes": [{"label": 1, "x": 13, "y": 24, "w": 32, "h": 31}, {"label": 1, "x": 48, "y": 16, "w": 33, "h": 31}]}, {"sampleId": 135, "boundingBoxes": [{"label": 2, "x": 8, "y": 0, "w": 34, "h": 36}, {"label": 2, "x": 53, "y": 30, "w": 36, "h": 33}, {"label": 1, "x": 3, "y": 56, "w": 34, "h": 36}]}, {"sampleId": 441, "boundingBoxes": [{"label": 2, "x": 46, "y": 5, "w": 19, "h": 21}, {"label": 2, "x": 48, "y": 51, "w": 20, "h": 19}, {"label": 1, "x": 39, "y": 25, "w": 19, "h": 20}, {"label": 1, "x": 11, "y": 22, "w": 21, "h": 21}]}, {"sampleId": 332, "boundingBoxes": [{"label": 1, "x": 23, "y": 12, "w": 52, "h": 49}]}, {"sampleId": 316, "boundingBoxes": [{"label": 1, "x": 5, "y": 16, "w": 19, "h": 20}, {"label": 1, "x": 39, "y": 38, "w": 18, "h": 21}, {"label": 1, "x": 63, "y": 35, "w": 21, "h": 21}, {"label": 1, "x": 4, "y": 67, "w": 22, "h": 21}, {"label": 1, "x": 41, "y": 64, "w": 22, "h": 21}, {"label": 2, "x": 5, "y": 41, "w": 20, "h": 22}, {"label": 2, "x": 33, "y": 14, "w": 17, "h": 21}, {"label": 2, "x": 59, "y": 12, "w": 19, "h": 20}, {"label": 2, "x": 65, "y": 59, "w": 24, "h": 22}]}, {"sampleId": 134, "boundingBoxes": [{"label": 2, "x": 6, "y": 0, "w": 43, "h": 44}, {"label": 1, "x": 53, "y": 23, "w": 34, "h": 35}, {"label": 2, "x": 2, "y": 47, "w": 45, "h": 45}]}, {"sampleId": 409, "boundingBoxes": [{"label": 1, "x": 8, "y": 17, "w": 28, "h": 25}, {"label": 1, "x": 57, "y": 34, "w": 27, "h": 24}]}, {"sampleId": 439, "boundingBoxes": [{"label": 1, "x": 33, "y": 0, "w": 26, "h": 28}, {"label": 2, "x": 17, "y": 35, "w": 26, "h": 27}, {"label": 2, "x": 54, "y": 23, "w": 27, "h": 26}]}, {"sampleId": 266, "boundingBoxes": [{"label": 2, "x": 39, "y": 6, "w": 20, "h": 21}, {"label": 2, "x": 14, "y": 36, "w": 21, "h": 21}, {"label": 2, "x": 54, "y": 27, "w": 21, "h": 20}]}, {"sampleId": 387, "boundingBoxes": [{"label": 2, "x": 11, "y": -4, "w": 39, "h": 40}, {"label": 2, "x": 50, "y": 32, "w": 40, "h": 38}, {"label": 1, "x": -3, "y": 48, "w": 39, "h": 41}]}, {"sampleId": 225, "boundingBoxes": [{"label": 1, "x": 6, "y": 28, "w": 26, "h": 27}, {"label": 2, "x": 58, "y": 43, "w": 26, "h": 27}]}, {"sampleId": 519, "boundingBoxes": [{"label": 2, "x": 35, "y": 4, "w": 21, "h": 22}, {"label": 2, "x": 18, "y": 33, "w": 22, "h": 20}, {"label": 2, "x": 60, "y": 36, "w": 24, "h": 23}]}, {"sampleId": 571, "boundingBoxes": [{"label": 2, "x": 11, "y": 14, "w": 16, "h": 16}, {"label": 2, "x": 37, "y": 30, "w": 15, "h": 15}, {"label": 2, "x": 24, "y": 54, "w": 17, "h": 16}, {"label": 2, "x": 52, "y": 6, "w": 16, "h": 17}, {"label": 2, "x": 63, "y": 43, "w": 17, "h": 16}]}, {"sampleId": 413, "boundingBoxes": [{"label": 2, "x": 28, "y": 15, "w": 46, "h": 46}]}, {"sampleId": 446, "boundingBoxes": [{"label": 2, "x": 28, "y": 16, "w": 43, "h": 43}]}, {"sampleId": 490, "boundingBoxes": [{"label": 2, "x": 46, "y": 9, "w": 21, "h": 22}, {"label": 1, "x": 31, "y": 23, "w": 20, "h": 20}, {"label": 1, "x": 51, "y": 33, "w": 22, "h": 22}, {"label": 1, "x": 35, "y": 50, "w": 24, "h": 22}]}, {"sampleId": 600, "boundingBoxes": [{"label": 1, "x": 0, "y": 13, "w": 19, "h": 21}, {"label": 1, "x": 71, "y": 47, "w": 19, "h": 18}, {"label": 2, "x": 33, "y": 10, "w": 19, "h": 20}, {"label": 2, "x": 58, "y": 13, "w": 19, "h": 18}, {"label": 2, "x": 43, "y": 43, "w": 20, "h": 19}, {"label": 1, "x": 17, "y": 58, "w": 19, "h": 19}, {"label": 2, "x": 54, "y": 71, "w": 21, "h": 18}]}, {"sampleId": 222, "boundingBoxes": [{"label": 1, "x": 12, "y": 3, "w": 16, "h": 19}, {"label": 1, "x": 67, "y": 59, "w": 17, "h": 16}, {"label": 2, "x": 44, "y": 11, "w": 16, "h": 18}, {"label": 2, "x": 66, "y": 23, "w": 17, "h": 16}, {"label": 2, "x": 42, "y": 46, "w": 17, "h": 16}, {"label": 1, "x": 12, "y": 50, "w": 16, "h": 17}, {"label": 2, "x": 42, "y": 76, "w": 18, "h": 16}]}, {"sampleId": 467, "boundingBoxes": [{"label": 1, "x": 5, "y": 7, "w": 44, "h": 42}, {"label": 1, "x": 47, "y": 18, "w": 44, "h": 41}]}, {"sampleId": 39, "boundingBoxes": [{"label": 1, "x": 26, "y": 14, "w": 34, "h": 35}]}, {"sampleId": 334, "boundingBoxes": [{"label": 1, "x": 14, "y": 4, "w": 39, "h": 41}, {"label": 2, "x": 48, "y": 27, "w": 44, "h": 43}]}, {"sampleId": 109, "boundingBoxes": [{"label": 2, "x": 39, "y": 5, "w": 18, "h": 17}, {"label": 2, "x": 30, "y": 16, "w": 17, "h": 17}, {"label": 2, "x": 62, "y": 23, "w": 19, "h": 18}, {"label": 2, "x": 31, "y": 36, "w": 19, "h": 19}, {"label": 1, "x": 19, "y": 26, "w": 19, "h": 19}, {"label": 1, "x": 53, "y": 34, "w": 19, "h": 18}, {"label": 1, "x": 44, "y": 46, "w": 20, "h": 19}, {"label": 1, "x": 51, "y": 14, "w": 19, "h": 17}]}, {"sampleId": 38, "boundingBoxes": [{"label": 1, "x": 11, "y": 16, "w": 35, "h": 36}, {"label": 1, "x": 47, "y": 20, "w": 35, "h": 34}]}, {"sampleId": 505, "boundingBoxes": [{"label": 2, "x": 8, "y": 47, "w": 31, "h": 28}, {"label": 1, "x": 56, "y": 36, "w": 28, "h": 28}]}, {"sampleId": 339, "boundingBoxes": [{"label": 2, "x": 30, "y": 18, "w": 43, "h": 41}]}, {"sampleId": 191, "boundingBoxes": [{"label": 2, "x": 13, "y": 16, "w": 16, "h": 18}, {"label": 2, "x": 36, "y": 16, "w": 14, "h": 17}, {"label": 2, "x": 62, "y": 16, "w": 17, "h": 18}, {"label": 2, "x": 10, "y": 38, "w": 17, "h": 19}, {"label": 2, "x": 38, "y": 39, "w": 16, "h": 17}, {"label": 2, "x": 60, "y": 67, "w": 21, "h": 20}, {"label": 2, "x": 7, "y": 68, "w": 18, "h": 19}, {"label": 2, "x": 36, "y": 69, "w": 18, "h": 18}, {"label": 1, "x": 62, "y": 39, "w": 18, "h": 18}]}, {"sampleId": 374, "boundingBoxes": [{"label": 2, "x": 43, "y": 3, "w": 20, "h": 17}, {"label": 1, "x": 55, "y": 29, "w": 20, "h": 19}, {"label": 2, "x": 64, "y": 17, "w": 19, "h": 21}, {"label": 1, "x": 34, "y": 30, "w": 20, "h": 18}, {"label": 2, "x": 45, "y": 20, "w": 19, "h": 16}, {"label": 2, "x": 44, "y": 39, "w": 20, "h": 18}]}, {"sampleId": 46, "boundingBoxes": [{"label": 2, "x": 26, "y": 15, "w": 19, "h": 20}, {"label": 2, "x": 52, "y": 10, "w": 19, "h": 18}, {"label": 2, "x": 48, "y": 48, "w": 19, "h": 19}]}, {"sampleId": 417, "boundingBoxes": [{"label": 1, "x": 23, "y": 9, "w": 42, "h": 43}]}, {"sampleId": 246, "boundingBoxes": [{"label": 2, "x": 33, "y": 23, "w": 16, "h": 17}, {"label": 1, "x": 47, "y": 29, "w": 18, "h": 18}, {"label": 2, "x": 62, "y": 34, "w": 17, "h": 18}, {"label": 1, "x": 17, "y": 13, "w": 18, "h": 19}]}, {"sampleId": 591, "boundingBoxes": [{"label": 2, "x": 28, "y": 15, "w": 48, "h": 47}]}, {"sampleId": 52, "boundingBoxes": [{"label": 2, "x": 50, "y": 9, "w": 21, "h": 20}, {"label": 1, "x": 13, "y": 21, "w": 24, "h": 23}, {"label": 1, "x": 45, "y": 42, "w": 23, "h": 23}]}, {"sampleId": 580, "boundingBoxes": [{"label": 1, "x": 3, "y": 21, "w": 45, "h": 43}, {"label": 1, "x": 44, "y": 8, "w": 45, "h": 43}]}, {"sampleId": 179, "boundingBoxes": [{"label": 2, "x": 16, "y": 18, "w": 19, "h": 19}, {"label": 2, "x": 36, "y": 44, "w": 18, "h": 19}, {"label": 1, "x": 46, "y": 22, "w": 19, "h": 18}]}, {"sampleId": 214, "boundingBoxes": [{"label": 2, "x": 16, "y": 8, "w": 59, "h": 58}]}, {"sampleId": 310, "boundingBoxes": [{"label": 1, "x": 21, "y": 2, "w": 24, "h": 25}, {"label": 1, "x": 19, "y": 45, "w": 19, "h": 19}, {"label": 1, "x": 60, "y": 28, "w": 22, "h": 20}]}, {"sampleId": 193, "boundingBoxes": [{"label": 2, "x": 18, "y": 6, "w": 14, "h": 15}, {"label": 2, "x": 37, "y": 30, "w": 13, "h": 13}, {"label": 2, "x": 16, "y": 48, "w": 15, "h": 14}, {"label": 2, "x": 59, "y": 13, "w": 14, "h": 15}, {"label": 2, "x": 57, "y": 51, "w": 16, "h": 14}]}, {"sampleId": 64, "boundingBoxes": [{"label": 1, "x": 8, "y": 14, "w": 18, "h": 19}, {"label": 1, "x": 39, "y": 39, "w": 17, "h": 20}, {"label": 1, "x": 64, "y": 38, "w": 19, "h": 20}, {"label": 1, "x": 3, "y": 65, "w": 20, "h": 19}, {"label": 1, "x": 39, "y": 65, "w": 20, "h": 20}, {"label": 2, "x": 6, "y": 39, "w": 19, "h": 20}, {"label": 2, "x": 36, "y": 14, "w": 16, "h": 20}, {"label": 2, "x": 62, "y": 14, "w": 18, "h": 19}, {"label": 2, "x": 64, "y": 63, "w": 22, "h": 20}]}, {"sampleId": 501, "boundingBoxes": [{"label": 2, "x": 34, "y": -2, "w": 23, "h": 24}, {"label": 1, "x": 49, "y": 48, "w": 27, "h": 25}, {"label": 2, "x": 50, "y": 15, "w": 23, "h": 24}, {"label": 1, "x": 18, "y": 20, "w": 27, "h": 27}]}, {"sampleId": 308, "boundingBoxes": [{"label": 1, "x": 38, "y": 8, "w": 21, "h": 22}, {"label": 2, "x": 18, "y": 38, "w": 23, "h": 24}, {"label": 2, "x": 55, "y": 31, "w": 24, "h": 21}]}, {"sampleId": 118, "boundingBoxes": [{"label": 2, "x": 33, "y": 3, "w": 19, "h": 23}, {"label": 2, "x": 23, "y": 40, "w": 25, "h": 25}, {"label": 2, "x": 54, "y": 36, "w": 24, "h": 25}, {"label": 2, "x": 38, "y": 69, "w": 25, "h": 22}]}, {"sampleId": 437, "boundingBoxes": [{"label": 2, "x": 32, "y": 2, "w": 27, "h": 28}, {"label": 2, "x": 12, "y": 30, "w": 27, "h": 26}, {"label": 2, "x": 55, "y": 40, "w": 26, "h": 24}]}, {"sampleId": 72, "boundingBoxes": [{"label": 2, "x": 43, "y": 32, "w": 13, "h": 13}]}, {"sampleId": 294, "boundingBoxes": [{"label": 2, "x": 21, "y": 16, "w": 49, "h": 50}]}, {"sampleId": 299, "boundingBoxes": [{"label": 1, "x": 53, "y": 1, "w": 15, "h": 16}, {"label": 2, "x": 15, "y": 11, "w": 15, "h": 14}, {"label": 1, "x": 46, "y": 38, "w": 25, "h": 26}]}, {"sampleId": 478, "boundingBoxes": [{"label": 2, "x": 22, "y": 10, "w": 23, "h": 24}, {"label": 2, "x": 51, "y": 24, "w": 21, "h": 23}, {"label": 2, "x": 50, "y": 42, "w": 27, "h": 27}, {"label": 2, "x": 25, "y": 31, "w": 24, "h": 23}]}, {"sampleId": 617, "boundingBoxes": [{"label": 2, "x": 35, "y": 8, "w": 24, "h": 24}, {"label": 1, "x": 27, "y": 32, "w": 23, "h": 22}, {"label": 1, "x": 55, "y": 31, "w": 24, "h": 23}]}, {"sampleId": 508, "boundingBoxes": [{"label": 2, "x": 16, "y": 30, "w": 47, "h": 48}]}, {"sampleId": 368, "boundingBoxes": [{"label": 1, "x": 11, "y": 9, "w": 17, "h": 18}, {"label": 1, "x": 28, "y": 21, "w": 15, "h": 16}, {"label": 1, "x": 46, "y": 30, "w": 16, "h": 17}, {"label": 1, "x": 63, "y": 42, "w": 19, "h": 19}]}, {"sampleId": 481, "boundingBoxes": [{"label": 1, "x": 19, "y": 3, "w": 24, "h": 25}, {"label": 1, "x": 55, "y": 29, "w": 23, "h": 21}, {"label": 2, "x": 21, "y": 38, "w": 25, "h": 24}]}, {"sampleId": 30, "boundingBoxes": [{"label": 1, "x": 39, "y": 25, "w": 28, "h": 28}]}, {"sampleId": 464, "boundingBoxes": [{"label": 1, "x": 22, "y": 11, "w": 52, "h": 50}]}, {"sampleId": 150, "boundingBoxes": [{"label": 2, "x": 12, "y": 21, "w": 26, "h": 25}, {"label": 1, "x": 55, "y": 27, "w": 26, "h": 25}]}, {"sampleId": 395, "boundingBoxes": [{"label": 2, "x": 40, "y": 35, "w": 31, "h": 31}]}, {"sampleId": 322, "boundingBoxes": [{"label": 2, "x": 26, "y": 45, "w": 17, "h": 15}, {"label": 2, "x": 60, "y": 8, "w": 16, "h": 17}]}, {"sampleId": 301, "boundingBoxes": [{"label": 2, "x": 43, "y": 3, "w": 25, "h": 26}, {"label": 2, "x": 18, "y": 28, "w": 22, "h": 20}, {"label": 2, "x": 49, "y": 39, "w": 21, "h": 23}]}, {"sampleId": 68, "boundingBoxes": [{"label": 2, "x": 32, "y": 19, "w": 35, "h": 35}]}, {"sampleId": 587, "boundingBoxes": [{"label": 1, "x": 3, "y": 20, "w": 44, "h": 40}, {"label": 2, "x": 41, "y": 3, "w": 53, "h": 54}]}, {"sampleId": 312, "boundingBoxes": [{"label": 1, "x": 23, "y": 12, "w": 20, "h": 21}, {"label": 2, "x": 37, "y": 47, "w": 20, "h": 19}, {"label": 2, "x": 53, "y": 11, "w": 20, "h": 21}]}, {"sampleId": 251, "boundingBoxes": [{"label": 2, "x": 26, "y": 4, "w": 19, "h": 19}, {"label": 1, "x": 39, "y": 30, "w": 17, "h": 17}, {"label": 2, "x": 65, "y": 27, "w": 21, "h": 22}, {"label": 1, "x": 14, "y": 42, "w": 23, "h": 21}]}, {"sampleId": 373, "boundingBoxes": [{"label": 2, "x": 11, "y": 35, "w": 24, "h": 21}, {"label": 1, "x": 38, "y": 29, "w": 20, "h": 20}, {"label": 2, "x": 60, "y": 40, "w": 24, "h": 23}, {"label": 1, "x": 36, "y": 4, "w": 20, "h": 21}]}, {"sampleId": 268, "boundingBoxes": [{"label": 1, "x": 47, "y": 11, "w": 29, "h": 29}, {"label": 2, "x": 20, "y": 32, "w": 29, "h": 29}]}, {"sampleId": 336, "boundingBoxes": [{"label": 1, "x": 51, "y": 16, "w": 42, "h": 35}, {"label": 2, "x": 7, "y": 21, "w": 38, "h": 36}]}, {"sampleId": 551, "boundingBoxes": [{"label": 1, "x": 47, "y": -1, "w": 17, "h": 18}, {"label": 2, "x": 12, "y": 14, "w": 17, "h": 16}, {"label": 1, "x": 47, "y": 34, "w": 29, "h": 29}]}, {"sampleId": 76, "boundingBoxes": [{"label": 1, "x": 6, "y": 19, "w": 37, "h": 34}, {"label": 1, "x": 49, "y": 18, "w": 37, "h": 35}]}, {"sampleId": 217, "boundingBoxes": [{"label": 2, "x": 33, "y": 21, "w": 28, "h": 28}]}, {"sampleId": 589, "boundingBoxes": [{"label": 1, "x": 22, "y": 6, "w": 64, "h": 64}]}, {"sampleId": 585, "boundingBoxes": [{"label": 2, "x": 9, "y": 8, "w": 61, "h": 60}]}, {"sampleId": 581, "boundingBoxes": [{"label": 1, "x": 2, "y": 5, "w": 49, "h": 49}, {"label": 1, "x": 43, "y": 17, "w": 52, "h": 53}]}, {"sampleId": 116, "boundingBoxes": [{"label": 1, "x": 13, "y": 7, "w": 15, "h": 17}, {"label": 1, "x": 29, "y": 20, "w": 14, "h": 15}, {"label": 1, "x": 46, "y": 31, "w": 15, "h": 16}, {"label": 1, "x": 62, "y": 45, "w": 18, "h": 17}]}, {"sampleId": 0, "boundingBoxes": [{"label": 2, "x": 19, "y": 22, "w": 45, "h": 44}]}, {"sampleId": 207, "boundingBoxes": [{"label": 2, "x": 12, "y": 9, "w": 54, "h": 53}]}, {"sampleId": 146, "boundingBoxes": [{"label": 1, "x": 38, "y": 21, "w": 29, "h": 29}]}, {"sampleId": 377, "boundingBoxes": [{"label": 2, "x": 22, "y": 6, "w": 19, "h": 19}, {"label": 1, "x": 40, "y": 30, "w": 17, "h": 17}, {"label": 2, "x": 65, "y": 22, "w": 21, "h": 22}, {"label": 1, "x": 17, "y": 45, "w": 23, "h": 21}]}, {"sampleId": 287, "boundingBoxes": [{"label": 2, "x": 32, "y": 16, "w": 41, "h": 40}]}, {"sampleId": 80, "boundingBoxes": [{"label": 1, "x": 25, "y": 14, "w": 48, "h": 44}]}, {"sampleId": 572, "boundingBoxes": [{"label": 2, "x": 28, "y": 15, "w": 43, "h": 43}]}, {"sampleId": 416, "boundingBoxes": [{"label": 1, "x": 8, "y": 7, "w": 44, "h": 44}, {"label": 1, "x": 42, "y": 20, "w": 42, "h": 42}]}, {"sampleId": 272, "boundingBoxes": [{"label": 1, "x": 38, "y": 20, "w": 29, "h": 29}]}, {"sampleId": 133, "boundingBoxes": [{"label": 1, "x": 59, "y": 66, "w": 13, "h": 13}]}, {"sampleId": 210, "boundingBoxes": [{"label": 1, "x": 51, "y": 21, "w": 42, "h": 35}, {"label": 2, "x": 6, "y": 18, "w": 38, "h": 36}]}, {"sampleId": 528, "boundingBoxes": [{"label": 2, "x": 11, "y": 27, "w": 29, "h": 29}, {"label": 1, "x": 54, "y": 18, "w": 30, "h": 28}]}, {"sampleId": 498, "boundingBoxes": [{"label": 2, "x": 33, "y": 21, "w": 18, "h": 19}, {"label": 1, "x": 45, "y": 29, "w": 20, "h": 20}, {"label": 2, "x": 59, "y": 37, "w": 19, "h": 20}, {"label": 1, "x": 18, "y": 9, "w": 21, "h": 22}]}, {"sampleId": 18, "boundingBoxes": [{"label": 2, "x": 26, "y": 4, "w": 28, "h": 28}, {"label": 1, "x": 49, "y": 30, "w": 28, "h": 27}]}, {"sampleId": 622, "boundingBoxes": [{"label": 2, "x": 22, "y": 3, "w": 24, "h": 28}, {"label": 2, "x": 22, "y": 40, "w": 31, "h": 31}, {"label": 2, "x": 51, "y": 28, "w": 29, "h": 30}, {"label": 2, "x": 44, "y": 64, "w": 30, "h": 28}]}, {"sampleId": 94, "boundingBoxes": [{"label": 1, "x": 13, "y": 11, "w": 14, "h": 13}, {"label": 1, "x": 40, "y": 29, "w": 12, "h": 12}, {"label": 1, "x": 19, "y": 50, "w": 14, "h": 13}, {"label": 2, "x": 56, "y": 8, "w": 13, "h": 14}, {"label": 2, "x": 58, "y": 48, "w": 15, "h": 12}]}, {"sampleId": 92, "boundingBoxes": [{"label": 2, "x": 18, "y": 9, "w": 16, "h": 17}, {"label": 1, "x": 41, "y": 30, "w": 14, "h": 14}, {"label": 2, "x": 57, "y": 50, "w": 19, "h": 18}]}, {"sampleId": 405, "boundingBoxes": [{"label": 2, "x": 17, "y": 26, "w": 12, "h": 11}, {"label": 2, "x": 51, "y": 19, "w": 39, "h": 37}]}, {"sampleId": 410, "boundingBoxes": [{"label": 2, "x": 28, "y": 20, "w": 39, "h": 39}]}, {"sampleId": 583, "boundingBoxes": [{"label": 2, "x": 12, "y": 1, "w": 72, "h": 71}]}, {"sampleId": 453, "boundingBoxes": [{"label": 1, "x": 28, "y": 34, "w": 40, "h": 40}, {"label": 2, "x": 38, "y": 0, "w": 39, "h": 40}]}, {"sampleId": 451, "boundingBoxes": [{"label": 2, "x": 40, "y": 27, "w": 20, "h": 20}]}, {"sampleId": 298, "boundingBoxes": [{"label": 2, "x": 24, "y": 16, "w": 21, "h": 22}, {"label": 2, "x": 50, "y": 8, "w": 20, "h": 20}, {"label": 2, "x": 49, "y": 46, "w": 21, "h": 20}]}, {"sampleId": 87, "boundingBoxes": [{"label": 2, "x": 31, "y": 20, "w": 39, "h": 38}]}, {"sampleId": 565, "boundingBoxes": [{"label": 1, "x": 22, "y": 4, "w": 26, "h": 28}, {"label": 2, "x": 25, "y": 42, "w": 26, "h": 27}, {"label": 2, "x": 51, "y": 12, "w": 27, "h": 26}]}, {"sampleId": 229, "boundingBoxes": [{"label": 1, "x": 18, "y": 7, "w": 21, "h": 22}, {"label": 1, "x": 57, "y": 27, "w": 21, "h": 19}, {"label": 2, "x": 25, "y": 42, "w": 22, "h": 21}]}, {"sampleId": 518, "boundingBoxes": [{"label": 2, "x": 35, "y": 4, "w": 23, "h": 24}, {"label": 2, "x": 15, "y": 39, "w": 24, "h": 23}, {"label": 2, "x": 53, "y": 23, "w": 24, "h": 23}]}, {"sampleId": 540, "boundingBoxes": [{"label": 1, "x": 14, "y": 30, "w": 24, "h": 23}, {"label": 2, "x": 59, "y": 23, "w": 22, "h": 20}]}, {"sampleId": 131, "boundingBoxes": [{"label": 2, "x": 22, "y": 30, "w": 48, "h": 48}]}, {"sampleId": 420, "boundingBoxes": [{"label": 2, "x": 16, "y": 12, "w": 56, "h": 56}]}, {"sampleId": 211, "boundingBoxes": [{"label": 1, "x": 24, "y": 11, "w": 57, "h": 56}]}, {"sampleId": 122, "boundingBoxes": [{"label": 2, "x": 46, "y": 4, "w": 18, "h": 16}, {"label": 1, "x": 55, "y": 31, "w": 18, "h": 18}, {"label": 2, "x": 65, "y": 20, "w": 17, "h": 20}, {"label": 1, "x": 34, "y": 30, "w": 19, "h": 17}, {"label": 2, "x": 46, "y": 22, "w": 17, "h": 15}, {"label": 2, "x": 44, "y": 40, "w": 18, "h": 16}]}, {"sampleId": 557, "boundingBoxes": [{"label": 2, "x": 13, "y": 25, "w": 21, "h": 21}, {"label": 2, "x": 41, "y": 43, "w": 21, "h": 21}, {"label": 1, "x": 43, "y": 18, "w": 21, "h": 20}]}, {"sampleId": 576, "boundingBoxes": [{"label": 2, "x": 42, "y": 30, "w": 16, "h": 16}]}, {"sampleId": 9, "boundingBoxes": [{"label": 2, "x": 7, "y": 4, "w": 31, "h": 33}, {"label": 2, "x": 54, "y": 30, "w": 33, "h": 30}, {"label": 1, "x": 7, "y": 59, "w": 32, "h": 34}]}, {"sampleId": 388, "boundingBoxes": [{"label": 1, "x": 3, "y": 12, "w": 76, "h": 75}]}, {"sampleId": 158, "boundingBoxes": [{"label": 2, "x": 30, "y": 23, "w": 35, "h": 34}]}, {"sampleId": 35, "boundingBoxes": [{"label": 2, "x": 33, "y": 18, "w": 38, "h": 37}]}, {"sampleId": 259, "boundingBoxes": [{"label": 1, "x": 63, "y": 63, "w": 13, "h": 13}]}, {"sampleId": 466, "boundingBoxes": [{"label": 2, "x": 12, "y": 4, "w": 67, "h": 66}]}, {"sampleId": 529, "boundingBoxes": [{"label": 1, "x": 33, "y": 0, "w": 27, "h": 29}, {"label": 1, "x": 44, "y": 34, "w": 27, "h": 29}]}, {"sampleId": 457, "boundingBoxes": [{"label": 2, "x": 11, "y": 1, "w": 72, "h": 71}]}, {"sampleId": 430, "boundingBoxes": [{"label": 2, "x": 51, "y": 10, "w": 26, "h": 25}, {"label": 1, "x": 11, "y": 12, "w": 29, "h": 29}, {"label": 1, "x": 37, "y": 41, "w": 28, "h": 29}]}, {"sampleId": 382, "boundingBoxes": [{"label": 2, "x": 14, "y": 26, "w": 47, "h": 48}]}, {"sampleId": 371, "boundingBoxes": [{"label": 1, "x": 10, "y": 12, "w": 27, "h": 28}, {"label": 1, "x": 57, "y": 18, "w": 26, "h": 28}, {"label": 1, "x": 4, "y": 52, "w": 27, "h": 28}, {"label": 1, "x": 52, "y": 63, "w": 29, "h": 29}]}, {"sampleId": 578, "boundingBoxes": [{"label": 2, "x": 15, "y": 1, "w": 71, "h": 71}]}, {"sampleId": 155, "boundingBoxes": [{"label": 2, "x": 52, "y": 25, "w": 12, "h": 11}, {"label": 2, "x": 32, "y": 38, "w": 12, "h": 14}]}, {"sampleId": 11, "boundingBoxes": [{"label": 2, "x": 26, "y": 13, "w": 49, "h": 47}]}, {"sampleId": 406, "boundingBoxes": [{"label": 1, "x": 58, "y": 35, "w": 21, "h": 19}, {"label": 1, "x": 17, "y": 21, "w": 22, "h": 22}]}, {"sampleId": 234, "boundingBoxes": [{"label": 1, "x": 15, "y": 19, "w": 28, "h": 28}, {"label": 1, "x": 50, "y": 24, "w": 29, "h": 27}]}, {"sampleId": 264, "boundingBoxes": [{"label": 1, "x": 34, "y": 20, "w": 16, "h": 17}, {"label": 2, "x": 57, "y": 25, "w": 16, "h": 17}, {"label": 2, "x": 39, "y": 48, "w": 16, "h": 17}]}, {"sampleId": 8, "boundingBoxes": [{"label": 2, "x": 6, "y": 3, "w": 39, "h": 41}, {"label": 1, "x": 54, "y": 23, "w": 32, "h": 32}, {"label": 2, "x": 6, "y": 51, "w": 41, "h": 42}]}, {"sampleId": 559, "boundingBoxes": [{"label": 1, "x": 28, "y": 27, "w": 20, "h": 19}, {"label": 2, "x": 45, "y": 12, "w": 18, "h": 19}, {"label": 2, "x": 52, "y": 39, "w": 19, "h": 19}]}, {"sampleId": 69, "boundingBoxes": [{"label": 1, "x": 25, "y": 11, "w": 22, "h": 21}, {"label": 2, "x": 39, "y": 41, "w": 27, "h": 28}]}, {"sampleId": 276, "boundingBoxes": [{"label": 2, "x": 12, "y": 25, "w": 26, "h": 25}, {"label": 1, "x": 56, "y": 23, "w": 26, "h": 25}]}, {"sampleId": 506, "boundingBoxes": [{"label": 1, "x": 18, "y": 51, "w": 41, "h": 42}]}, {"sampleId": 390, "boundingBoxes": [{"label": 1, "x": 36, "y": 18, "w": 18, "h": 19}, {"label": 2, "x": 56, "y": 30, "w": 18, "h": 19}, {"label": 2, "x": 31, "y": 45, "w": 18, "h": 19}]}, {"sampleId": 359, "boundingBoxes": [{"label": 1, "x": 15, "y": 11, "w": 26, "h": 27}, {"label": 1, "x": 50, "y": 7, "w": 26, "h": 27}, {"label": 1, "x": 37, "y": 39, "w": 26, "h": 26}]}, {"sampleId": 477, "boundingBoxes": [{"label": 1, "x": 6, "y": 21, "w": 30, "h": 30}, {"label": 2, "x": 54, "y": 46, "w": 30, "h": 31}]}, {"sampleId": 233, "boundingBoxes": [{"label": 1, "x": 17, "y": 8, "w": 26, "h": 27}, {"label": 1, "x": 52, "y": 10, "w": 26, "h": 27}, {"label": 1, "x": 34, "y": 40, "w": 26, "h": 26}]}, {"sampleId": 399, "boundingBoxes": [{"label": 1, "x": 19, "y": 16, "w": 26, "h": 26}, {"label": 1, "x": 57, "y": 34, "w": 27, "h": 25}]}, {"sampleId": 456, "boundingBoxes": [{"label": 1, "x": 22, "y": 10, "w": 54, "h": 53}]}, {"sampleId": 500, "boundingBoxes": [{"label": 2, "x": 50, "y": 5, "w": 22, "h": 20}, {"label": 1, "x": 51, "y": 33, "w": 22, "h": 22}, {"label": 2, "x": 63, "y": 25, "w": 22, "h": 24}, {"label": 1, "x": 31, "y": 27, "w": 22, "h": 21}, {"label": 2, "x": 45, "y": 22, "w": 21, "h": 19}, {"label": 2, "x": 38, "y": 39, "w": 22, "h": 21}]}, {"sampleId": 586, "boundingBoxes": [{"label": 1, "x": 9, "y": 4, "w": 44, "h": 46}, {"label": 2, "x": 47, "y": 20, "w": 50, "h": 49}]}, {"sampleId": 159, "boundingBoxes": [{"label": 2, "x": 26, "y": 13, "w": 49, "h": 49}]}, {"sampleId": 48, "boundingBoxes": [{"label": 1, "x": 43, "y": 12, "w": 17, "h": 18}, {"label": 2, "x": 14, "y": 30, "w": 18, "h": 18}, {"label": 2, "x": 49, "y": 38, "w": 19, "h": 17}]}, {"sampleId": 111, "boundingBoxes": [{"label": 2, "x": 17, "y": 14, "w": 17, "h": 16}, {"label": 2, "x": 50, "y": 9, "w": 15, "h": 17}, {"label": 1, "x": 59, "y": 42, "w": 16, "h": 13}, {"label": 1, "x": 27, "y": 42, "w": 16, "h": 15}]}, {"sampleId": 280, "boundingBoxes": [{"label": 1, "x": 61, "y": 29, "w": 19, "h": 17}, {"label": 1, "x": 18, "y": 29, "w": 19, "h": 19}]}, {"sampleId": 66, "boundingBoxes": [{"label": 2, "x": 8, "y": 32, "w": 15, "h": 15}, {"label": 1, "x": 43, "y": 5, "w": 12, "h": 15}, {"label": 2, "x": 39, "y": 40, "w": 15, "h": 15}, {"label": 2, "x": 66, "y": 43, "w": 14, "h": 15}, {"label": 1, "x": 31, "y": 73, "w": 16, "h": 14}]}, {"sampleId": 10, "boundingBoxes": [{"label": 1, "x": 11, "y": 20, "w": 62, "h": 61}]}, {"sampleId": 419, "boundingBoxes": [{"label": 1, "x": 14, "y": 0, "w": 65, "h": 65}]}, {"sampleId": 445, "boundingBoxes": [{"label": 2, "x": 21, "y": 2, "w": 16, "h": 16}, {"label": 2, "x": 36, "y": 29, "w": 15, "h": 15}, {"label": 2, "x": 12, "y": 43, "w": 17, "h": 16}, {"label": 2, "x": 61, "y": 15, "w": 16, "h": 17}, {"label": 2, "x": 52, "y": 53, "w": 17, "h": 16}]}, {"sampleId": 432, "boundingBoxes": [{"label": 2, "x": 27, "y": -3, "w": 29, "h": 29}, {"label": 2, "x": 9, "y": 32, "w": 26, "h": 27}, {"label": 2, "x": 56, "y": 37, "w": 25, "h": 24}]}, {"sampleId": 113, "boundingBoxes": [{"label": 2, "x": 42, "y": 11, "w": 20, "h": 20}, {"label": 1, "x": 27, "y": 32, "w": 19, "h": 18}, {"label": 1, "x": 54, "y": 38, "w": 20, "h": 19}]}, {"sampleId": 70, "boundingBoxes": [{"label": 2, "x": 25, "y": 44, "w": 15, "h": 14}, {"label": 2, "x": 62, "y": 11, "w": 14, "h": 16}]}, {"sampleId": 625, "boundingBoxes": [{"label": 2, "x": 12, "y": 37, "w": 26, "h": 25}, {"label": 1, "x": 38, "y": 27, "w": 23, "h": 22}, {"label": 2, "x": 61, "y": 33, "w": 27, "h": 26}, {"label": 1, "x": 31, "y": 4, "w": 23, "h": 24}]}, {"sampleId": 523, "boundingBoxes": [{"label": 2, "x": 32, "y": 14, "w": 37, "h": 38}]}, {"sampleId": 303, "boundingBoxes": [{"label": 1, "x": 41, "y": 14, "w": 18, "h": 19}, {"label": 2, "x": 59, "y": 32, "w": 19, "h": 18}, {"label": 2, "x": 30, "y": 41, "w": 18, "h": 19}]}, {"sampleId": 526, "boundingBoxes": [{"label": 2, "x": 33, "y": 8, "w": 43, "h": 43}]}, {"sampleId": 552, "boundingBoxes": [{"label": 1, "x": 37, "y": 9, "w": 21, "h": 22}, {"label": 2, "x": 14, "y": 34, "w": 22, "h": 22}, {"label": 2, "x": 49, "y": 33, "w": 22, "h": 21}]}, {"sampleId": 257, "boundingBoxes": [{"label": 2, "x": 23, "y": 30, "w": 48, "h": 48}]}, {"sampleId": 129, "boundingBoxes": [{"label": 2, "x": 21, "y": 30, "w": 53, "h": 55}]}, {"sampleId": 348, "boundingBoxes": [{"label": 1, "x": 6, "y": 8, "w": 16, "h": 19}, {"label": 1, "x": 70, "y": 54, "w": 17, "h": 16}, {"label": 2, "x": 39, "y": 10, "w": 16, "h": 18}, {"label": 2, "x": 63, "y": 18, "w": 17, "h": 16}, {"label": 2, "x": 43, "y": 45, "w": 17, "h": 16}, {"label": 1, "x": 15, "y": 55, "w": 16, "h": 17}, {"label": 2, "x": 49, "y": 75, "w": 18, "h": 16}]}, {"sampleId": 542, "boundingBoxes": [{"label": 1, "x": 7, "y": 17, "w": 44, "h": 44}, {"label": 1, "x": 43, "y": 11, "w": 42, "h": 42}]}, {"sampleId": 461, "boundingBoxes": [{"label": 1, "x": 4, "y": 8, "w": 44, "h": 40}, {"label": 2, "x": 41, "y": 14, "w": 53, "h": 54}]}, {"sampleId": 62, "boundingBoxes": [{"label": 2, "x": 25, "y": 11, "w": 17, "h": 19}, {"label": 1, "x": 58, "y": 43, "w": 20, "h": 17}, {"label": 1, "x": 55, "y": 10, "w": 17, "h": 17}, {"label": 1, "x": 26, "y": 44, "w": 19, "h": 18}]}, {"sampleId": 584, "boundingBoxes": [{"label": 1, "x": 20, "y": 8, "w": 58, "h": 55}]}, {"sampleId": 81, "boundingBoxes": [{"label": 2, "x": 14, "y": 12, "w": 50, "h": 49}]}, {"sampleId": 197, "boundingBoxes": [{"label": 1, "x": 30, "y": 16, "w": 14, "h": 15}, {"label": 1, "x": 60, "y": 35, "w": 15, "h": 15}]}, {"sampleId": 231, "boundingBoxes": [{"label": 2, "x": 21, "y": 8, "w": 20, "h": 21}, {"label": 2, "x": 54, "y": 11, "w": 20, "h": 22}, {"label": 2, "x": 18, "y": 42, "w": 21, "h": 20}, {"label": 1, "x": 50, "y": 45, "w": 22, "h": 22}]}, {"sampleId": 182, "boundingBoxes": [{"label": 1, "x": 41, "y": 8, "w": 21, "h": 22}, {"label": 2, "x": 16, "y": 35, "w": 23, "h": 23}, {"label": 2, "x": 53, "y": 35, "w": 24, "h": 21}]}, {"sampleId": 485, "boundingBoxes": [{"label": 1, "x": 18, "y": 3, "w": 30, "h": 31}, {"label": 1, "x": 52, "y": 12, "w": 29, "h": 30}, {"label": 1, "x": 29, "y": 38, "w": 29, "h": 29}]}, {"sampleId": 275, "boundingBoxes": [{"label": 2, "x": 24, "y": 24, "w": 25, "h": 26}, {"label": 2, "x": 61, "y": 17, "w": 28, "h": 24}]}, {"sampleId": 603, "boundingBoxes": [{"label": 1, "x": 4, "y": 36, "w": 30, "h": 30}, {"label": 2, "x": 58, "y": 33, "w": 30, "h": 31}]}, {"sampleId": 370, "boundingBoxes": [{"label": 2, "x": 30, "y": 3, "w": 21, "h": 25}, {"label": 2, "x": 23, "y": 40, "w": 27, "h": 27}, {"label": 2, "x": 53, "y": 33, "w": 26, "h": 27}, {"label": 2, "x": 40, "y": 68, "w": 27, "h": 24}]}, {"sampleId": 114, "boundingBoxes": [{"label": 1, "x": 29, "y": 4, "w": 14, "h": 16}, {"label": 1, "x": 57, "y": 17, "w": 15, "h": 16}, {"label": 2, "x": 13, "y": 26, "w": 18, "h": 17}, {"label": 2, "x": 59, "y": 47, "w": 20, "h": 18}]}, {"sampleId": 346, "boundingBoxes": [{"label": 1, "x": 11, "y": 13, "w": 15, "h": 15}, {"label": 1, "x": 40, "y": 28, "w": 14, "h": 13}, {"label": 1, "x": 20, "y": 52, "w": 15, "h": 14}, {"label": 2, "x": 53, "y": 6, "w": 15, "h": 15}, {"label": 2, "x": 59, "y": 46, "w": 16, "h": 14}]}, {"sampleId": 202, "boundingBoxes": [{"label": 1, "x": 5, "y": 15, "w": 40, "h": 37}, {"label": 1, "x": 48, "y": 18, "w": 40, "h": 38}]}, {"sampleId": 177, "boundingBoxes": [{"label": 1, "x": 43, "y": 15, "w": 18, "h": 19}, {"label": 2, "x": 57, "y": 35, "w": 19, "h": 18}, {"label": 2, "x": 27, "y": 40, "w": 18, "h": 19}]}, {"sampleId": 260, "boundingBoxes": [{"label": 2, "x": 2, "y": 3, "w": 43, "h": 44}, {"label": 1, "x": 51, "y": 19, "w": 34, "h": 35}, {"label": 2, "x": 6, "y": 51, "w": 45, "h": 45}]}, {"sampleId": 355, "boundingBoxes": [{"label": 1, "x": 15, "y": 11, "w": 21, "h": 22}, {"label": 1, "x": 57, "y": 24, "w": 21, "h": 19}, {"label": 2, "x": 28, "y": 43, "w": 22, "h": 21}]}, {"sampleId": 351, "boundingBoxes": [{"label": 1, "x": 6, "y": 33, "w": 26, "h": 27}, {"label": 2, "x": 59, "y": 39, "w": 26, "h": 27}]}, {"sampleId": 162, "boundingBoxes": [{"label": 1, "x": 15, "y": 24, "w": 21, "h": 21}, {"label": 2, "x": 60, "y": 32, "w": 20, "h": 18}]}, {"sampleId": 219, "boundingBoxes": [{"label": 2, "x": 18, "y": 5, "w": 15, "h": 16}, {"label": 2, "x": 18, "y": 47, "w": 15, "h": 15}, {"label": 2, "x": 60, "y": 10, "w": 15, "h": 15}, {"label": 2, "x": 60, "y": 49, "w": 15, "h": 13}]}, {"sampleId": 176, "boundingBoxes": [{"label": 2, "x": 26, "y": 14, "w": 30, "h": 31}]}, {"sampleId": 360, "boundingBoxes": [{"label": 1, "x": 15, "y": 22, "w": 28, "h": 28}, {"label": 1, "x": 50, "y": 21, "w": 29, "h": 27}]}, {"sampleId": 25, "boundingBoxes": [{"label": 1, "x": 41, "y": 2, "w": 21, "h": 25}, {"label": 1, "x": 43, "y": 39, "w": 22, "h": 24}]}, {"sampleId": 178, "boundingBoxes": [{"label": 2, "x": 50, "y": 9, "w": 23, "h": 22}, {"label": 1, "x": 12, "y": 18, "w": 26, "h": 25}, {"label": 1, "x": 42, "y": 41, "w": 25, "h": 25}]}, {"sampleId": 341, "boundingBoxes": [{"label": 1, "x": 6, "y": 17, "w": 39, "h": 36}, {"label": 1, "x": 49, "y": 13, "w": 40, "h": 36}]}, {"sampleId": 319, "boundingBoxes": [{"label": 2, "x": 15, "y": 10, "w": 14, "h": 14}, {"label": 2, "x": 38, "y": 31, "w": 13, "h": 13}, {"label": 2, "x": 20, "y": 52, "w": 15, "h": 14}, {"label": 2, "x": 57, "y": 9, "w": 14, "h": 15}, {"label": 2, "x": 61, "y": 48, "w": 16, "h": 14}]}, {"sampleId": 269, "boundingBoxes": [{"label": 2, "x": 47, "y": 33, "w": 28, "h": 27}]}, {"sampleId": 611, "boundingBoxes": [{"label": 1, "x": 11, "y": 13, "w": 30, "h": 31}, {"label": 1, "x": 45, "y": 3, "w": 29, "h": 30}, {"label": 1, "x": 38, "y": 37, "w": 29, "h": 29}]}, {"sampleId": 61, "boundingBoxes": [{"label": 1, "x": 30, "y": 3, "w": 20, "h": 23}, {"label": 2, "x": 23, "y": 41, "w": 21, "h": 22}, {"label": 2, "x": 56, "y": 20, "w": 22, "h": 21}]}, {"sampleId": 23, "boundingBoxes": [{"label": 2, "x": 25, "y": 24, "w": 23, "h": 24}, {"label": 2, "x": 62, "y": 21, "w": 26, "h": 21}]}, {"sampleId": 329, "boundingBoxes": [{"label": 1, "x": 6, "y": 5, "w": 43, "h": 43}, {"label": 1, "x": 44, "y": 23, "w": 46, "h": 47}]}, {"sampleId": 384, "boundingBoxes": [{"label": 2, "x": 41, "y": 70, "w": 15, "h": 15}]}, {"sampleId": 213, "boundingBoxes": [{"label": 2, "x": 29, "y": 19, "w": 43, "h": 41}]}, {"sampleId": 546, "boundingBoxes": [{"label": 2, "x": 19, "y": 13, "w": 56, "h": 56}]}, {"sampleId": 598, "boundingBoxes": [{"label": 1, "x": 8, "y": 17, "w": 17, "h": 17}, {"label": 1, "x": 39, "y": 27, "w": 15, "h": 15}, {"label": 1, "x": 23, "y": 54, "w": 17, "h": 16}, {"label": 2, "x": 48, "y": 3, "w": 17, "h": 17}, {"label": 2, "x": 61, "y": 41, "w": 17, "h": 16}]}, {"sampleId": 447, "boundingBoxes": [{"label": 1, "x": 26, "y": 6, "w": 27, "h": 26}, {"label": 2, "x": 30, "y": 38, "w": 34, "h": 35}]}, {"sampleId": 333, "boundingBoxes": [{"label": 2, "x": 12, "y": 11, "w": 54, "h": 53}]}, {"sampleId": 98, "boundingBoxes": [{"label": 1, "x": 19, "y": 10, "w": 23, "h": 26}, {"label": 2, "x": 50, "y": 58, "w": 28, "h": 24}]}, {"sampleId": 619, "boundingBoxes": [{"label": 2, "x": 28, "y": 8, "w": 27, "h": 29}, {"label": 1, "x": 50, "y": 33, "w": 28, "h": 27}]}, {"sampleId": 618, "boundingBoxes": [{"label": 1, "x": 21, "y": 7, "w": 18, "h": 19}, {"label": 1, "x": 52, "y": 11, "w": 19, "h": 19}, {"label": 2, "x": 11, "y": 30, "w": 22, "h": 22}, {"label": 2, "x": 61, "y": 39, "w": 24, "h": 23}]}, {"sampleId": 161, "boundingBoxes": [{"label": 2, "x": 31, "y": 17, "w": 41, "h": 40}]}, {"sampleId": 556, "boundingBoxes": [{"label": 2, "x": 43, "y": 3, "w": 26, "h": 25}, {"label": 1, "x": 10, "y": 24, "w": 29, "h": 28}, {"label": 1, "x": 46, "y": 36, "w": 28, "h": 29}]}, {"sampleId": 2, "boundingBoxes": [{"label": 1, "x": 15, "y": 52, "w": 33, "h": 34}]}, {"sampleId": 60, "boundingBoxes": [{"label": 1, "x": 25, "y": 11, "w": 18, "h": 19}, {"label": 2, "x": 36, "y": 48, "w": 18, "h": 18}, {"label": 2, "x": 55, "y": 13, "w": 19, "h": 19}]}, {"sampleId": 330, "boundingBoxes": [{"label": 1, "x": 25, "y": 13, "w": 48, "h": 47}]}, {"sampleId": 143, "boundingBoxes": [{"label": 2, "x": 45, "y": 35, "w": 28, "h": 27}]}, {"sampleId": 607, "boundingBoxes": [{"label": 1, "x": 12, "y": 13, "w": 24, "h": 25}, {"label": 1, "x": 55, "y": 19, "w": 23, "h": 21}, {"label": 2, "x": 30, "y": 43, "w": 25, "h": 24}]}, {"sampleId": 102, "boundingBoxes": [{"label": 1, "x": 17, "y": 2, "w": 21, "h": 21}, {"label": 1, "x": 39, "y": 25, "w": 19, "h": 20}, {"label": 1, "x": 60, "y": 25, "w": 20, "h": 20}, {"label": 1, "x": 15, "y": 45, "w": 22, "h": 22}, {"label": 1, "x": 38, "y": 45, "w": 20, "h": 21}, {"label": 2, "x": 40, "y": 3, "w": 19, "h": 20}, {"label": 2, "x": 60, "y": 3, "w": 20, "h": 20}, {"label": 2, "x": 59, "y": 46, "w": 22, "h": 20}, {"label": 2, "x": 16, "y": 24, "w": 22, "h": 19}]}, {"sampleId": 22, "boundingBoxes": [{"label": 2, "x": 38, "y": 14, "w": 35, "h": 36}]}, {"sampleId": 51, "boundingBoxes": [{"label": 1, "x": 43, "y": 15, "w": 17, "h": 18}, {"label": 2, "x": 59, "y": 34, "w": 18, "h": 16}, {"label": 2, "x": 29, "y": 41, "w": 17, "h": 17}]}, {"sampleId": 514, "boundingBoxes": [{"label": 1, "x": 5, "y": 15, "w": 76, "h": 75}]}, {"sampleId": 151, "boundingBoxes": [{"label": 1, "x": 42, "y": 2, "w": 24, "h": 26}, {"label": 1, "x": 40, "y": 39, "w": 24, "h": 26}]}, {"sampleId": 59, "boundingBoxes": [{"label": 2, "x": 29, "y": 6, "w": 22, "h": 23}, {"label": 2, "x": 17, "y": 38, "w": 22, "h": 21}, {"label": 2, "x": 61, "y": 37, "w": 22, "h": 19}]}, {"sampleId": 97, "boundingBoxes": [{"label": 1, "x": 8, "y": 14, "w": 26, "h": 25}, {"label": 2, "x": 64, "y": 29, "w": 25, "h": 25}, {"label": 2, "x": 28, "y": 61, "w": 24, "h": 24}]}, {"sampleId": 411, "boundingBoxes": [{"label": 2, "x": 23, "y": 11, "w": 55, "h": 55}]}, {"sampleId": 208, "boundingBoxes": [{"label": 1, "x": 16, "y": 1, "w": 39, "h": 41}, {"label": 2, "x": 45, "y": 31, "w": 44, "h": 43}]}, {"sampleId": 110, "boundingBoxes": [{"label": 2, "x": 42, "y": 6, "w": 17, "h": 18}, {"label": 2, "x": 22, "y": 24, "w": 19, "h": 18}, {"label": 1, "x": 22, "y": 43, "w": 18, "h": 18}, {"label": 1, "x": 60, "y": 24, "w": 18, "h": 17}, {"label": 1, "x": 42, "y": 42, "w": 17, "h": 18}]}, {"sampleId": 391, "boundingBoxes": [{"label": 1, "x": 21, "y": 7, "w": 21, "h": 21}, {"label": 1, "x": 14, "y": 34, "w": 22, "h": 23}, {"label": 1, "x": 44, "y": 38, "w": 21, "h": 20}]}, {"sampleId": 605, "boundingBoxes": [{"label": 1, "x": 17, "y": 14, "w": 26, "h": 25}, {"label": 1, "x": 59, "y": 18, "w": 22, "h": 23}, {"label": 2, "x": 35, "y": 43, "w": 22, "h": 22}]}, {"sampleId": 428, "boundingBoxes": [{"label": 2, "x": 25, "y": 11, "w": 34, "h": 35}]}, {"sampleId": 95, "boundingBoxes": [{"label": 1, "x": 22, "y": 14, "w": 13, "h": 13}, {"label": 1, "x": 41, "y": 29, "w": 11, "h": 12}, {"label": 1, "x": 34, "y": 45, "w": 12, "h": 12}, {"label": 2, "x": 54, "y": 8, "w": 14, "h": 16}, {"label": 2, "x": 55, "y": 48, "w": 17, "h": 16}]}, {"sampleId": 103, "boundingBoxes": [{"label": 1, "x": 17, "y": 10, "w": 20, "h": 20}, {"label": 1, "x": 58, "y": 27, "w": 19, "h": 17}, {"label": 2, "x": 28, "y": 43, "w": 20, "h": 20}]}, {"sampleId": 304, "boundingBoxes": [{"label": 2, "x": 47, "y": 7, "w": 23, "h": 22}, {"label": 1, "x": 11, "y": 22, "w": 26, "h": 25}, {"label": 1, "x": 45, "y": 40, "w": 25, "h": 25}]}, {"sampleId": 404, "boundingBoxes": [{"label": 2, "x": 15, "y": 25, "w": 11, "h": 11}, {"label": 1, "x": 49, "y": 24, "w": 38, "h": 37}]}, {"sampleId": 520, "boundingBoxes": [{"label": 1, "x": 43, "y": 7, "w": 33, "h": 33}, {"label": 2, "x": 21, "y": 32, "w": 33, "h": 33}]}, {"sampleId": 515, "boundingBoxes": [{"label": 2, "x": 21, "y": 7, "w": 60, "h": 58}]}, {"sampleId": 524, "boundingBoxes": [{"label": 1, "x": 36, "y": 17, "w": 33, "h": 33}]}, {"sampleId": 624, "boundingBoxes": [{"label": 2, "x": 31, "y": 24, "w": 18, "h": 19}, {"label": 1, "x": 46, "y": 25, "w": 20, "h": 20}, {"label": 2, "x": 62, "y": 24, "w": 19, "h": 20}, {"label": 1, "x": 13, "y": 20, "w": 21, "h": 22}]}, {"sampleId": 271, "boundingBoxes": [{"label": 2, "x": 34, "y": 17, "w": 33, "h": 33}]}, {"sampleId": 263, "boundingBoxes": [{"label": 2, "x": 24, "y": 11, "w": 53, "h": 51}]}, {"sampleId": 198, "boundingBoxes": [{"label": 2, "x": 42, "y": 32, "w": 14, "h": 14}]}, {"sampleId": 614, "boundingBoxes": [{"label": 2, "x": 34, "y": 4, "w": 21, "h": 22}, {"label": 2, "x": 20, "y": 26, "w": 23, "h": 22}, {"label": 1, "x": 25, "y": 44, "w": 22, "h": 22}, {"label": 1, "x": 56, "y": 17, "w": 22, "h": 21}, {"label": 1, "x": 44, "y": 39, "w": 22, "h": 22}]}, {"sampleId": 245, "boundingBoxes": [{"label": 1, "x": 14, "y": 9, "w": 27, "h": 28}, {"label": 1, "x": 59, "y": 22, "w": 26, "h": 28}, {"label": 1, "x": 1, "y": 46, "w": 28, "h": 28}, {"label": 1, "x": 46, "y": 66, "w": 29, "h": 29}]}, {"sampleId": 462, "boundingBoxes": [{"label": 1, "x": 48, "y": 22, "w": 46, "h": 41}, {"label": 2, "x": 4, "y": 11, "w": 42, "h": 41}]}, {"sampleId": 425, "boundingBoxes": [{"label": 1, "x": 60, "y": 6, "w": 17, "h": 18}, {"label": 2, "x": 22, "y": 2, "w": 17, "h": 16}, {"label": 1, "x": 39, "y": 40, "w": 29, "h": 29}]}, {"sampleId": 153, "boundingBoxes": [{"label": 2, "x": 17, "y": 31, "w": 10, "h": 10}, {"label": 2, "x": 53, "y": 18, "w": 35, "h": 33}]}, {"sampleId": 621, "boundingBoxes": [{"label": 1, "x": 14, "y": 12, "w": 24, "h": 24}, {"label": 1, "x": 51, "y": 4, "w": 24, "h": 25}, {"label": 1, "x": 21, "y": 46, "w": 26, "h": 24}, {"label": 1, "x": 60, "y": 37, "w": 23, "h": 23}]}, {"sampleId": 533, "boundingBoxes": [{"label": 2, "x": 49, "y": 21, "w": 13, "h": 13}, {"label": 2, "x": 35, "y": 40, "w": 14, "h": 15}]}, {"sampleId": 385, "boundingBoxes": [{"label": 1, "x": 53, "y": 68, "w": 15, "h": 15}]}, {"sampleId": 290, "boundingBoxes": [{"label": 1, "x": 9, "y": 16, "w": 38, "h": 39}, {"label": 1, "x": 46, "y": 17, "w": 38, "h": 37}]}, {"sampleId": 170, "boundingBoxes": [{"label": 1, "x": 28, "y": 13, "w": 34, "h": 33}]}, {"sampleId": 100, "boundingBoxes": [{"label": 2, "x": 21, "y": 16, "w": 18, "h": 20}, {"label": 2, "x": 53, "y": 22, "w": 17, "h": 20}, {"label": 2, "x": 57, "y": 40, "w": 22, "h": 21}, {"label": 2, "x": 29, "y": 36, "w": 20, "h": 19}]}, {"sampleId": 119, "boundingBoxes": [{"label": 1, "x": 13, "y": 12, "w": 24, "h": 26}, {"label": 1, "x": 59, "y": 21, "w": 23, "h": 26}, {"label": 1, "x": 4, "y": 50, "w": 25, "h": 26}, {"label": 1, "x": 50, "y": 66, "w": 26, "h": 27}]}, {"sampleId": 43, "boundingBoxes": [{"label": 2, "x": 23, "y": 18, "w": 38, "h": 39}]}, {"sampleId": 435, "boundingBoxes": [{"label": 2, "x": 51, "y": 10, "w": 26, "h": 27}, {"label": 2, "x": 17, "y": 29, "w": 27, "h": 27}, {"label": 2, "x": 47, "y": 40, "w": 27, "h": 27}]}, {"sampleId": 274, "boundingBoxes": [{"label": 2, "x": 36, "y": 12, "w": 38, "h": 39}]}, {"sampleId": 73, "boundingBoxes": [{"label": 2, "x": 43, "y": 28, "w": 16, "h": 16}]}, {"sampleId": 532, "boundingBoxes": [{"label": 1, "x": 60, "y": 24, "w": 21, "h": 19}, {"label": 1, "x": 18, "y": 31, "w": 22, "h": 22}]}, {"sampleId": 574, "boundingBoxes": [{"label": 2, "x": 28, "y": 46, "w": 19, "h": 18}, {"label": 2, "x": 55, "y": 4, "w": 18, "h": 19}]}, {"sampleId": 156, "boundingBoxes": [{"label": 1, "x": 37, "y": 25, "w": 30, "h": 30}]}, {"sampleId": 375, "boundingBoxes": [{"label": 2, "x": 26, "y": 0, "w": 20, "h": 22}, {"label": 1, "x": 59, "y": 43, "w": 24, "h": 22}, {"label": 2, "x": 48, "y": 12, "w": 20, "h": 22}, {"label": 1, "x": 19, "y": 27, "w": 24, "h": 23}]}, {"sampleId": 255, "boundingBoxes": [{"label": 2, "x": 23, "y": 29, "w": 53, "h": 55}]}, {"sampleId": 128, "boundingBoxes": [{"label": 1, "x": 12, "y": 49, "w": 36, "h": 37}]}, {"sampleId": 412, "boundingBoxes": [{"label": 2, "x": 59, "y": 11, "w": 28, "h": 27}, {"label": 2, "x": 11, "y": 32, "w": 31, "h": 31}]}, {"sampleId": 563, "boundingBoxes": [{"label": 2, "x": 22, "y": 6, "w": 27, "h": 28}, {"label": 2, "x": 18, "y": 39, "w": 27, "h": 26}, {"label": 2, "x": 61, "y": 28, "w": 26, "h": 24}]}, {"sampleId": 56, "boundingBoxes": [{"label": 1, "x": 41, "y": 9, "w": 19, "h": 21}, {"label": 2, "x": 18, "y": 37, "w": 21, "h": 22}, {"label": 2, "x": 55, "y": 34, "w": 22, "h": 20}]}, {"sampleId": 21, "boundingBoxes": [{"label": 1, "x": 20, "y": 23, "w": 22, "h": 21}, {"label": 1, "x": 61, "y": 30, "w": 23, "h": 20}]}, {"sampleId": 205, "boundingBoxes": [{"label": 2, "x": 15, "y": 6, "w": 64, "h": 63}]}, {"sampleId": 454, "boundingBoxes": [{"label": 1, "x": 3, "y": 9, "w": 45, "h": 43}, {"label": 1, "x": 45, "y": 19, "w": 45, "h": 43}]}, {"sampleId": 426, "boundingBoxes": [{"label": 1, "x": 44, "y": 11, "w": 21, "h": 22}, {"label": 2, "x": 12, "y": 22, "w": 22, "h": 22}, {"label": 2, "x": 44, "y": 38, "w": 22, "h": 21}]}, {"sampleId": 353, "boundingBoxes": [{"label": 1, "x": 20, "y": 13, "w": 23, "h": 22}, {"label": 1, "x": 61, "y": 23, "w": 19, "h": 20}, {"label": 2, "x": 33, "y": 43, "w": 20, "h": 20}]}, {"sampleId": 367, "boundingBoxes": [{"label": 2, "x": 32, "y": 8, "w": 24, "h": 26}, {"label": 1, "x": 50, "y": 38, "w": 25, "h": 23}]}, {"sampleId": 595, "boundingBoxes": [{"label": 2, "x": 31, "y": 19, "w": 31, "h": 31}]}, {"sampleId": 422, "boundingBoxes": [{"label": 1, "x": 27, "y": 10, "w": 38, "h": 38}]}, {"sampleId": 331, "boundingBoxes": [{"label": 2, "x": 15, "y": 6, "w": 64, "h": 63}]}, {"sampleId": 623, "boundingBoxes": [{"label": 1, "x": 5, "y": 15, "w": 30, "h": 32}, {"label": 1, "x": 52, "y": 13, "w": 30, "h": 31}, {"label": 1, "x": 6, "y": 55, "w": 31, "h": 32}, {"label": 1, "x": 55, "y": 57, "w": 33, "h": 33}]}, {"sampleId": 352, "boundingBoxes": [{"label": 2, "x": 20, "y": 17, "w": 20, "h": 21}, {"label": 2, "x": 51, "y": 20, "w": 19, "h": 21}, {"label": 2, "x": 58, "y": 37, "w": 24, "h": 23}, {"label": 2, "x": 29, "y": 36, "w": 21, "h": 20}]}, {"sampleId": 349, "boundingBoxes": [{"label": 1, "x": 5, "y": 15, "w": 28, "h": 27}, {"label": 2, "x": 62, "y": 25, "w": 27, "h": 27}, {"label": 2, "x": 29, "y": 61, "w": 26, "h": 26}]}, {"sampleId": 184, "boundingBoxes": [{"label": 1, "x": 25, "y": 0, "w": 24, "h": 25}, {"label": 1, "x": 16, "y": 41, "w": 19, "h": 19}, {"label": 1, "x": 59, "y": 32, "w": 22, "h": 20}]}, {"sampleId": 468, "boundingBoxes": [{"label": 2, "x": 27, "y": 7, "w": 22, "h": 23}, {"label": 1, "x": 48, "y": 43, "w": 23, "h": 22}]}, {"sampleId": 629, "boundingBoxes": [{"label": 2, "x": 18, "y": 8, "w": 21, "h": 21}, {"label": 1, "x": 39, "y": 29, "w": 19, "h": 19}, {"label": 2, "x": 63, "y": 16, "w": 24, "h": 25}, {"label": 1, "x": 20, "y": 47, "w": 26, "h": 24}]}, {"sampleId": 270, "boundingBoxes": [{"label": 2, "x": 23, "y": 3, "w": 30, "h": 30}, {"label": 1, "x": 49, "y": 27, "w": 30, "h": 29}]}, {"sampleId": 562, "boundingBoxes": [{"label": 1, "x": 16, "y": 4, "w": 27, "h": 28}, {"label": 1, "x": 21, "y": 46, "w": 22, "h": 22}, {"label": 1, "x": 58, "y": 22, "w": 25, "h": 23}]}, {"sampleId": 392, "boundingBoxes": [{"label": 2, "x": 44, "y": 6, "w": 23, "h": 24}, {"label": 2, "x": 10, "y": 26, "w": 24, "h": 23}, {"label": 2, "x": 51, "y": 32, "w": 24, "h": 23}]}, {"sampleId": 19, "boundingBoxes": [{"label": 2, "x": 36, "y": 19, "w": 30, "h": 31}]}, {"sampleId": 190, "boundingBoxes": [{"label": 1, "x": 9, "y": 10, "w": 19, "h": 20}, {"label": 1, "x": 38, "y": 39, "w": 18, "h": 21}, {"label": 1, "x": 63, "y": 39, "w": 21, "h": 21}, {"label": 1, "x": 0, "y": 61, "w": 22, "h": 21}, {"label": 1, "x": 36, "y": 64, "w": 22, "h": 21}, {"label": 2, "x": 5, "y": 36, "w": 20, "h": 22}, {"label": 2, "x": 38, "y": 13, "w": 17, "h": 21}, {"label": 2, "x": 63, "y": 16, "w": 19, "h": 20}, {"label": 2, "x": 61, "y": 64, "w": 24, "h": 22}]}, {"sampleId": 363, "boundingBoxes": [{"label": 2, "x": 15, "y": 15, "w": 18, "h": 17}, {"label": 2, "x": 47, "y": 7, "w": 17, "h": 18}, {"label": 1, "x": 60, "y": 39, "w": 17, "h": 15}, {"label": 1, "x": 28, "y": 42, "w": 17, "h": 16}]}, {"sampleId": 361, "boundingBoxes": [{"label": 2, "x": 36, "y": 4, "w": 19, "h": 18}, {"label": 2, "x": 28, "y": 16, "w": 19, "h": 19}, {"label": 2, "x": 61, "y": 20, "w": 20, "h": 20}, {"label": 2, "x": 31, "y": 36, "w": 21, "h": 21}, {"label": 1, "x": 19, "y": 27, "w": 20, "h": 20}, {"label": 1, "x": 53, "y": 32, "w": 21, "h": 20}, {"label": 1, "x": 45, "y": 45, "w": 22, "h": 21}, {"label": 1, "x": 49, "y": 12, "w": 20, "h": 19}]}, {"sampleId": 381, "boundingBoxes": [{"label": 2, "x": 15, "y": 26, "w": 60, "h": 61}]}, {"sampleId": 27, "boundingBoxes": [{"label": 2, "x": 18, "y": 34, "w": 10, "h": 9}, {"label": 2, "x": 54, "y": 17, "w": 32, "h": 30}]}, {"sampleId": 273, "boundingBoxes": [{"label": 1, "x": 19, "y": 24, "w": 23, "h": 23}, {"label": 1, "x": 61, "y": 27, "w": 24, "h": 22}]}, {"sampleId": 566, "boundingBoxes": [{"label": 2, "x": 19, "y": 13, "w": 22, "h": 23}, {"label": 1, "x": 60, "y": 35, "w": 24, "h": 22}, {"label": 1, "x": 48, "y": 5, "w": 21, "h": 21}, {"label": 1, "x": 28, "y": 44, "w": 23, "h": 22}]}, {"sampleId": 226, "boundingBoxes": [{"label": 2, "x": 21, "y": 14, "w": 20, "h": 21}, {"label": 2, "x": 52, "y": 23, "w": 19, "h": 21}, {"label": 2, "x": 55, "y": 41, "w": 24, "h": 23}, {"label": 2, "x": 27, "y": 35, "w": 21, "h": 20}]}, {"sampleId": 171, "boundingBoxes": [{"label": 1, "x": 19, "y": 12, "w": 18, "h": 19}, {"label": 2, "x": 60, "y": 15, "w": 20, "h": 19}, {"label": 2, "x": 18, "y": 45, "w": 19, "h": 18}, {"label": 1, "x": 56, "y": 48, "w": 20, "h": 19}]}, {"sampleId": 204, "boundingBoxes": [{"label": 1, "x": 25, "y": 13, "w": 48, "h": 47}]}, {"sampleId": 223, "boundingBoxes": [{"label": 1, "x": 9, "y": 11, "w": 28, "h": 27}, {"label": 2, "x": 63, "y": 30, "w": 27, "h": 28}, {"label": 2, "x": 25, "y": 60, "w": 26, "h": 26}]}, {"sampleId": 365, "boundingBoxes": [{"label": 2, "x": 39, "y": 10, "w": 21, "h": 21}, {"label": 1, "x": 27, "y": 32, "w": 20, "h": 20}, {"label": 1, "x": 54, "y": 36, "w": 21, "h": 20}]}, {"sampleId": 291, "boundingBoxes": [{"label": 1, "x": 24, "y": 13, "w": 37, "h": 38}]}, {"sampleId": 126, "boundingBoxes": [{"label": 2, "x": 17, "y": 20, "w": 48, "h": 48}]}, {"sampleId": 400, "boundingBoxes": [{"label": 2, "x": 35, "y": 12, "w": 43, "h": 43}]}, {"sampleId": 248, "boundingBoxes": [{"label": 2, "x": 48, "y": 4, "w": 20, "h": 17}, {"label": 1, "x": 54, "y": 32, "w": 20, "h": 19}, {"label": 2, "x": 65, "y": 22, "w": 19, "h": 21}, {"label": 1, "x": 33, "y": 29, "w": 20, "h": 18}, {"label": 2, "x": 46, "y": 22, "w": 19, "h": 16}, {"label": 2, "x": 42, "y": 40, "w": 20, "h": 18}]}, {"sampleId": 91, "boundingBoxes": [{"label": 2, "x": 34, "y": 22, "w": 25, "h": 25}]}, {"sampleId": 499, "boundingBoxes": [{"label": 2, "x": 8, "y": 24, "w": 26, "h": 25}, {"label": 1, "x": 36, "y": 28, "w": 23, "h": 22}, {"label": 2, "x": 51, "y": 45, "w": 27, "h": 26}, {"label": 1, "x": 42, "y": 4, "w": 23, "h": 24}]}, {"sampleId": 588, "boundingBoxes": [{"label": 1, "x": 48, "y": 9, "w": 46, "h": 41}, {"label": 2, "x": 5, "y": 23, "w": 42, "h": 41}]}, {"sampleId": 543, "boundingBoxes": [{"label": 1, "x": 21, "y": 11, "w": 42, "h": 43}]}, {"sampleId": 206, "boundingBoxes": [{"label": 1, "x": 23, "y": 13, "w": 52, "h": 48}]}, {"sampleId": 534, "boundingBoxes": [{"label": 1, "x": 37, "y": 20, "w": 34, "h": 34}]}, {"sampleId": 142, "boundingBoxes": [{"label": 1, "x": 49, "y": 14, "w": 29, "h": 29}, {"label": 2, "x": 19, "y": 30, "w": 29, "h": 29}]}, {"sampleId": 85, "boundingBoxes": [{"label": 1, "x": 27, "y": 13, "w": 52, "h": 52}]}, {"sampleId": 84, "boundingBoxes": [{"label": 1, "x": 52, "y": 20, "w": 39, "h": 32}, {"label": 2, "x": 8, "y": 21, "w": 35, "h": 33}]}, {"sampleId": 620, "boundingBoxes": [{"label": 1, "x": 7, "y": 13, "w": 19, "h": 21}, {"label": 1, "x": 26, "y": 22, "w": 18, "h": 18}, {"label": 1, "x": 45, "y": 27, "w": 19, "h": 20}, {"label": 1, "x": 64, "y": 36, "w": 22, "h": 22}]}, {"sampleId": 249, "boundingBoxes": [{"label": 2, "x": 31, "y": 0, "w": 20, "h": 22}, {"label": 1, "x": 55, "y": 47, "w": 24, "h": 22}, {"label": 2, "x": 50, "y": 14, "w": 20, "h": 22}, {"label": 1, "x": 19, "y": 24, "w": 24, "h": 23}]}, {"sampleId": 522, "boundingBoxes": [{"label": 2, "x": 18, "y": 3, "w": 34, "h": 34}, {"label": 1, "x": 48, "y": 22, "w": 34, "h": 34}]}, {"sampleId": 582, "boundingBoxes": [{"label": 1, "x": 22, "y": 9, "w": 54, "h": 53}]}, {"sampleId": 317, "boundingBoxes": [{"label": 2, "x": 9, "y": 21, "w": 16, "h": 17}, {"label": 2, "x": 33, "y": 17, "w": 14, "h": 17}, {"label": 2, "x": 57, "y": 12, "w": 17, "h": 18}, {"label": 2, "x": 10, "y": 43, "w": 17, "h": 18}, {"label": 2, "x": 38, "y": 39, "w": 16, "h": 17}, {"label": 2, "x": 65, "y": 62, "w": 21, "h": 20}, {"label": 2, "x": 13, "y": 73, "w": 18, "h": 19}, {"label": 2, "x": 41, "y": 69, "w": 18, "h": 18}, {"label": 1, "x": 62, "y": 35, "w": 18, "h": 18}]}, {"sampleId": 487, "boundingBoxes": [{"label": 2, "x": 43, "y": 3, "w": 21, "h": 21}, {"label": 2, "x": 31, "y": 12, "w": 21, "h": 21}, {"label": 2, "x": 60, "y": 27, "w": 23, "h": 22}, {"label": 2, "x": 26, "y": 32, "w": 23, "h": 23}, {"label": 1, "x": 18, "y": 19, "w": 23, "h": 23}, {"label": 1, "x": 48, "y": 35, "w": 23, "h": 23}, {"label": 1, "x": 36, "y": 45, "w": 24, "h": 24}, {"label": 1, "x": 52, "y": 15, "w": 22, "h": 21}]}, {"sampleId": 516, "boundingBoxes": [{"label": 1, "x": 32, "y": 20, "w": 18, "h": 19}, {"label": 2, "x": 55, "y": 21, "w": 18, "h": 19}, {"label": 2, "x": 41, "y": 47, "w": 18, "h": 19}]}, {"sampleId": 433, "boundingBoxes": [{"label": 1, "x": 29, "y": 22, "w": 20, "h": 19}, {"label": 2, "x": 51, "y": 17, "w": 18, "h": 19}, {"label": 2, "x": 43, "y": 45, "w": 19, "h": 19}]}, {"sampleId": 247, "boundingBoxes": [{"label": 2, "x": 10, "y": 30, "w": 24, "h": 21}, {"label": 1, "x": 38, "y": 29, "w": 20, "h": 20}, {"label": 2, "x": 57, "y": 44, "w": 24, "h": 23}, {"label": 1, "x": 40, "y": 5, "w": 20, "h": 21}]}, {"sampleId": 154, "boundingBoxes": [{"label": 1, "x": 60, "y": 33, "w": 19, "h": 17}, {"label": 1, "x": 18, "y": 26, "w": 19, "h": 19}]}, {"sampleId": 496, "boundingBoxes": [{"label": 2, "x": 39, "y": 1, "w": 24, "h": 28}, {"label": 2, "x": 19, "y": 34, "w": 31, "h": 31}, {"label": 2, "x": 51, "y": 38, "w": 29, "h": 30}, {"label": 2, "x": 27, "y": 66, "w": 30, "h": 28}]}, {"sampleId": 201, "boundingBoxes": [{"label": 1, "x": 33, "y": 36, "w": 36, "h": 35}, {"label": 2, "x": 38, "y": 0, "w": 34, "h": 35}]}, {"sampleId": 389, "boundingBoxes": [{"label": 2, "x": 20, "y": 8, "w": 60, "h": 58}]}, {"sampleId": 83, "boundingBoxes": [{"label": 1, "x": 6, "y": 18, "w": 37, "h": 32}, {"label": 2, "x": 47, "y": 14, "w": 43, "h": 44}]}, {"sampleId": 112, "boundingBoxes": [{"label": 2, "x": 44, "y": 9, "w": 17, "h": 18}, {"label": 1, "x": 32, "y": 27, "w": 16, "h": 16}, {"label": 1, "x": 55, "y": 31, "w": 18, "h": 17}, {"label": 1, "x": 44, "y": 51, "w": 20, "h": 18}]}, {"sampleId": 407, "boundingBoxes": [{"label": 2, "x": 52, "y": 26, "w": 13, "h": 13}, {"label": 2, "x": 30, "y": 35, "w": 14, "h": 15}]}, {"sampleId": 130, "boundingBoxes": [{"label": 2, "x": 17, "y": 30, "w": 41, "h": 42}]}, {"sampleId": 479, "boundingBoxes": [{"label": 1, "x": 24, "y": 6, "w": 26, "h": 25}, {"label": 1, "x": 59, "y": 29, "w": 22, "h": 23}, {"label": 2, "x": 26, "y": 40, "w": 22, "h": 22}]}, {"sampleId": 463, "boundingBoxes": [{"label": 1, "x": 20, "y": 9, "w": 64, "h": 64}]}, {"sampleId": 379, "boundingBoxes": [{"label": 2, "x": 5, "y": 33, "w": 31, "h": 28}, {"label": 1, "x": 51, "y": 47, "w": 28, "h": 29}]}, {"sampleId": 414, "boundingBoxes": [{"label": 1, "x": 14, "y": 19, "w": 24, "h": 23}, {"label": 2, "x": 57, "y": 35, "w": 22, "h": 20}]}, {"sampleId": 174, "boundingBoxes": [{"label": 1, "x": 43, "y": 11, "w": 19, "h": 19}, {"label": 2, "x": 13, "y": 27, "w": 20, "h": 19}, {"label": 2, "x": 47, "y": 38, "w": 20, "h": 18}]}, {"sampleId": 295, "boundingBoxes": [{"label": 2, "x": 22, "y": 17, "w": 42, "h": 42}]}, {"sampleId": 354, "boundingBoxes": [{"label": 1, "x": 15, "y": 3, "w": 23, "h": 22}, {"label": 1, "x": 38, "y": 24, "w": 21, "h": 21}, {"label": 1, "x": 59, "y": 22, "w": 22, "h": 22}, {"label": 1, "x": 16, "y": 46, "w": 23, "h": 23}, {"label": 1, "x": 39, "y": 45, "w": 22, "h": 23}, {"label": 2, "x": 37, "y": 2, "w": 20, "h": 21}, {"label": 2, "x": 57, "y": 1, "w": 22, "h": 22}, {"label": 2, "x": 60, "y": 43, "w": 23, "h": 22}, {"label": 2, "x": 15, "y": 25, "w": 23, "h": 21}]}, {"sampleId": 160, "boundingBoxes": [{"label": 2, "x": 58, "y": 8, "w": 25, "h": 24}, {"label": 2, "x": 15, "y": 37, "w": 27, "h": 28}]}, {"sampleId": 32, "boundingBoxes": [{"label": 2, "x": 32, "y": 24, "w": 32, "h": 31}]}, {"sampleId": 163, "boundingBoxes": [{"label": 1, "x": 22, "y": 12, "w": 45, "h": 45}]}, {"sampleId": 561, "boundingBoxes": [{"label": 2, "x": 43, "y": 3, "w": 26, "h": 27}, {"label": 2, "x": 23, "y": 36, "w": 27, "h": 27}, {"label": 2, "x": 54, "y": 31, "w": 27, "h": 27}]}, {"sampleId": 513, "boundingBoxes": [{"label": 2, "x": -2, "y": 7, "w": 39, "h": 40}, {"label": 2, "x": 49, "y": 20, "w": 40, "h": 38}, {"label": 1, "x": 11, "y": 61, "w": 39, "h": 41}]}, {"sampleId": 460, "boundingBoxes": [{"label": 1, "x": 16, "y": -2, "w": 44, "h": 46}, {"label": 2, "x": 39, "y": 31, "w": 50, "h": 49}]}, {"sampleId": 424, "boundingBoxes": [{"label": 2, "x": 26, "y": 11, "w": 24, "h": 25}, {"label": 2, "x": 54, "y": 12, "w": 23, "h": 22}, {"label": 2, "x": 40, "y": 47, "w": 24, "h": 23}]}, {"sampleId": 480, "boundingBoxes": [{"label": 1, "x": 21, "y": -3, "w": 26, "h": 26}, {"label": 1, "x": 37, "y": 23, "w": 24, "h": 24}, {"label": 1, "x": 57, "y": 28, "w": 25, "h": 25}, {"label": 1, "x": 8, "y": 36, "w": 27, "h": 27}, {"label": 1, "x": 30, "y": 43, "w": 25, "h": 26}, {"label": 2, "x": 43, "y": 2, "w": 23, "h": 24}, {"label": 2, "x": 63, "y": 8, "w": 25, "h": 25}, {"label": 2, "x": 50, "y": 49, "w": 26, "h": 25}, {"label": 2, "x": 15, "y": 16, "w": 26, "h": 24}]}, {"sampleId": 436, "boundingBoxes": [{"label": 1, "x": 27, "y": -2, "w": 27, "h": 28}, {"label": 1, "x": 12, "y": 36, "w": 22, "h": 22}, {"label": 1, "x": 56, "y": 34, "w": 25, "h": 23}]}, {"sampleId": 471, "boundingBoxes": [{"label": 2, "x": 21, "y": 1, "w": 17, "h": 18}, {"label": 2, "x": 14, "y": 42, "w": 17, "h": 17}, {"label": 2, "x": 62, "y": 13, "w": 17, "h": 17}, {"label": 2, "x": 55, "y": 52, "w": 17, "h": 16}]}, {"sampleId": 314, "boundingBoxes": [{"label": 2, "x": 22, "y": 11, "w": 19, "h": 20}, {"label": 1, "x": 59, "y": 40, "w": 21, "h": 19}, {"label": 1, "x": 53, "y": 8, "w": 19, "h": 19}, {"label": 1, "x": 26, "y": 44, "w": 20, "h": 19}]}, {"sampleId": 45, "boundingBoxes": [{"label": 1, "x": 19, "y": 15, "w": 17, "h": 17}, {"label": 2, "x": 60, "y": 13, "w": 19, "h": 17}, {"label": 2, "x": 20, "y": 47, "w": 18, "h": 17}, {"label": 1, "x": 59, "y": 47, "w": 19, "h": 17}]}, {"sampleId": 187, "boundingBoxes": [{"label": 1, "x": 31, "y": 2, "w": 22, "h": 25}, {"label": 2, "x": 21, "y": 39, "w": 23, "h": 23}, {"label": 2, "x": 55, "y": 21, "w": 24, "h": 23}]}, {"sampleId": 278, "boundingBoxes": [{"label": 2, "x": 16, "y": 35, "w": 10, "h": 10}, {"label": 1, "x": 53, "y": 19, "w": 34, "h": 32}]}, {"sampleId": 227, "boundingBoxes": [{"label": 1, "x": 22, "y": 10, "w": 23, "h": 22}, {"label": 1, "x": 61, "y": 27, "w": 19, "h": 20}, {"label": 2, "x": 30, "y": 42, "w": 20, "h": 20}]}, {"sampleId": 254, "boundingBoxes": [{"label": 1, "x": 16, "y": 51, "w": 36, "h": 37}]}, {"sampleId": 189, "boundingBoxes": [{"label": 2, "x": 44, "y": 5, "w": 16, "h": 18}, {"label": 2, "x": 53, "y": 50, "w": 18, "h": 16}, {"label": 1, "x": 41, "y": 26, "w": 17, "h": 18}, {"label": 1, "x": 12, "y": 28, "w": 19, "h": 19}]}, {"sampleId": 53, "boundingBoxes": [{"label": 2, "x": 16, "y": 21, "w": 17, "h": 17}, {"label": 2, "x": 38, "y": 45, "w": 17, "h": 17}, {"label": 1, "x": 47, "y": 22, "w": 17, "h": 16}]}, {"sampleId": 511, "boundingBoxes": [{"label": 1, "x": 66, "y": 58, "w": 15, "h": 15}]}, {"sampleId": 579, "boundingBoxes": [{"label": 1, "x": 37, "y": 31, "w": 40, "h": 40}, {"label": 2, "x": 29, "y": -3, "w": 39, "h": 40}]}, {"sampleId": 104, "boundingBoxes": [{"label": 1, "x": 39, "y": 29, "w": 21, "h": 21}]}, {"sampleId": 486, "boundingBoxes": [{"label": 1, "x": 14, "y": 14, "w": 32, "h": 31}, {"label": 1, "x": 48, "y": 25, "w": 33, "h": 31}]}, {"sampleId": 315, "boundingBoxes": [{"label": 2, "x": 40, "y": 4, "w": 16, "h": 18}, {"label": 2, "x": 57, "y": 47, "w": 18, "h": 16}, {"label": 1, "x": 41, "y": 26, "w": 17, "h": 18}, {"label": 1, "x": 13, "y": 32, "w": 19, "h": 19}]}, {"sampleId": 608, "boundingBoxes": [{"label": 1, "x": 37, "y": 26, "w": 25, "h": 26}]}, {"sampleId": 167, "boundingBoxes": [{"label": 1, "x": 17, "y": 3, "w": 58, "h": 57}]}, {"sampleId": 338, "boundingBoxes": [{"label": 1, "x": 25, "y": 14, "w": 46, "h": 44}]}, {"sampleId": 149, "boundingBoxes": [{"label": 2, "x": 24, "y": 22, "w": 25, "h": 26}, {"label": 2, "x": 62, "y": 22, "w": 28, "h": 24}]}, {"sampleId": 55, "boundingBoxes": [{"label": 1, "x": 30, "y": 26, "w": 16, "h": 15}, {"label": 2, "x": 51, "y": 16, "w": 15, "h": 16}, {"label": 2, "x": 50, "y": 44, "w": 15, "h": 15}]}, {"sampleId": 127, "boundingBoxes": [{"label": 2, "x": 7, "y": 40, "w": 27, "h": 24}, {"label": 1, "x": 55, "y": 45, "w": 25, "h": 25}]}, {"sampleId": 434, "boundingBoxes": [{"label": 1, "x": 42, "y": 8, "w": 24, "h": 25}, {"label": 2, "x": 12, "y": 29, "w": 26, "h": 27}, {"label": 2, "x": 50, "y": 36, "w": 26, "h": 25}]}, {"sampleId": 549, "boundingBoxes": [{"label": 1, "x": 14, "y": 18, "w": 21, "h": 21}, {"label": 2, "x": 54, "y": 6, "w": 23, "h": 22}, {"label": 2, "x": 24, "y": 49, "w": 21, "h": 21}, {"label": 1, "x": 61, "y": 39, "w": 23, "h": 22}]}, {"sampleId": 132, "boundingBoxes": [{"label": 2, "x": 47, "y": 70, "w": 13, "h": 13}]}, {"sampleId": 283, "boundingBoxes": [{"label": 1, "x": 9, "y": 28, "w": 25, "h": 21}, {"label": 1, "x": 61, "y": 27, "w": 24, "h": 21}]}, {"sampleId": 218, "boundingBoxes": [{"label": 2, "x": 19, "y": 7, "w": 17, "h": 19}, {"label": 1, "x": 40, "y": 29, "w": 15, "h": 15}, {"label": 2, "x": 54, "y": 51, "w": 21, "h": 19}]}, {"sampleId": 123, "boundingBoxes": [{"label": 2, "x": 29, "y": 0, "w": 18, "h": 20}, {"label": 1, "x": 58, "y": 46, "w": 23, "h": 20}, {"label": 2, "x": 50, "y": 14, "w": 18, "h": 20}, {"label": 1, "x": 20, "y": 27, "w": 23, "h": 21}]}, {"sampleId": 33, "boundingBoxes": [{"label": 2, "x": 29, "y": 15, "w": 45, "h": 45}]}, {"sampleId": 16, "boundingBoxes": [{"label": 1, "x": 49, "y": 14, "w": 27, "h": 27}, {"label": 2, "x": 21, "y": 32, "w": 26, "h": 27}]}, {"sampleId": 307, "boundingBoxes": [{"label": 1, "x": 29, "y": 26, "w": 18, "h": 16}, {"label": 2, "x": 49, "y": 14, "w": 16, "h": 17}, {"label": 2, "x": 51, "y": 43, "w": 16, "h": 17}]}, {"sampleId": 482, "boundingBoxes": [{"label": 1, "x": 35, "y": 27, "w": 25, "h": 26}]}, {"sampleId": 449, "boundingBoxes": [{"label": 1, "x": 31, "y": 14, "w": 16, "h": 17}, {"label": 1, "x": 57, "y": 38, "w": 17, "h": 17}]}, {"sampleId": 335, "boundingBoxes": [{"label": 1, "x": 5, "y": 19, "w": 39, "h": 35}, {"label": 2, "x": 45, "y": 10, "w": 47, "h": 47}]}, {"sampleId": 250, "boundingBoxes": [{"label": 2, "x": 47, "y": 11, "w": 17, "h": 14}, {"label": 1, "x": 55, "y": 39, "w": 17, "h": 16}, {"label": 2, "x": 14, "y": 28, "w": 17, "h": 17}, {"label": 1, "x": 40, "y": 29, "w": 15, "h": 13}]}, {"sampleId": 230, "boundingBoxes": [{"label": 1, "x": 37, "y": 28, "w": 22, "h": 23}]}, {"sampleId": 488, "boundingBoxes": [{"label": 2, "x": 45, "y": 6, "w": 21, "h": 22}, {"label": 2, "x": 21, "y": 18, "w": 23, "h": 22}, {"label": 1, "x": 17, "y": 36, "w": 22, "h": 22}, {"label": 1, "x": 58, "y": 28, "w": 22, "h": 21}, {"label": 1, "x": 36, "y": 41, "w": 21, "h": 22}]}, {"sampleId": 1, "boundingBoxes": [{"label": 2, "x": 8, "y": 43, "w": 26, "h": 22}, {"label": 1, "x": 57, "y": 45, "w": 23, "h": 23}]}, {"sampleId": 510, "boundingBoxes": [{"label": 2, "x": 56, "y": 66, "w": 15, "h": 15}]}, {"sampleId": 616, "boundingBoxes": [{"label": 2, "x": 37, "y": 6, "w": 21, "h": 22}, {"label": 1, "x": 31, "y": 27, "w": 20, "h": 20}, {"label": 1, "x": 54, "y": 25, "w": 22, "h": 22}, {"label": 1, "x": 48, "y": 47, "w": 24, "h": 22}]}, {"sampleId": 431, "boundingBoxes": [{"label": 2, "x": 16, "y": 13, "w": 21, "h": 21}, {"label": 2, "x": 31, "y": 42, "w": 21, "h": 21}, {"label": 1, "x": 46, "y": 22, "w": 21, "h": 20}]}, {"sampleId": 65, "boundingBoxes": [{"label": 2, "x": 12, "y": 19, "w": 15, "h": 16}, {"label": 2, "x": 35, "y": 17, "w": 13, "h": 16}, {"label": 2, "x": 60, "y": 15, "w": 16, "h": 17}, {"label": 2, "x": 11, "y": 41, "w": 15, "h": 17}, {"label": 2, "x": 39, "y": 40, "w": 15, "h": 16}, {"label": 2, "x": 63, "y": 65, "w": 20, "h": 18}, {"label": 2, "x": 11, "y": 72, "w": 17, "h": 17}, {"label": 2, "x": 39, "y": 69, "w": 16, "h": 16}, {"label": 1, "x": 63, "y": 38, "w": 17, "h": 17}]}, {"sampleId": 252, "boundingBoxes": [{"label": 2, "x": 17, "y": 21, "w": 48, "h": 48}]}, {"sampleId": 324, "boundingBoxes": [{"label": 2, "x": 43, "y": 31, "w": 14, "h": 14}]}, {"sampleId": 325, "boundingBoxes": [{"label": 2, "x": 42, "y": 27, "w": 18, "h": 18}]}, {"sampleId": 107, "boundingBoxes": [{"label": 1, "x": 17, "y": 10, "w": 24, "h": 25}, {"label": 1, "x": 52, "y": 10, "w": 24, "h": 25}, {"label": 1, "x": 37, "y": 41, "w": 24, "h": 24}]}, {"sampleId": 401, "boundingBoxes": [{"label": 2, "x": 22, "y": 19, "w": 29, "h": 29}, {"label": 2, "x": 60, "y": 25, "w": 31, "h": 28}]}, {"sampleId": 235, "boundingBoxes": [{"label": 2, "x": 40, "y": 4, "w": 19, "h": 18}, {"label": 2, "x": 30, "y": 14, "w": 19, "h": 19}, {"label": 2, "x": 62, "y": 24, "w": 20, "h": 20}, {"label": 2, "x": 29, "y": 35, "w": 21, "h": 21}, {"label": 1, "x": 19, "y": 24, "w": 20, "h": 20}, {"label": 1, "x": 52, "y": 34, "w": 21, "h": 20}, {"label": 1, "x": 41, "y": 46, "w": 22, "h": 21}, {"label": 1, "x": 51, "y": 14, "w": 20, "h": 19}]}, {"sampleId": 386, "boundingBoxes": [{"label": 2, "x": 8, "y": -5, "w": 49, "h": 50}, {"label": 1, "x": 51, "y": 25, "w": 39, "h": 39}, {"label": 2, "x": -4, "y": 40, "w": 51, "h": 51}]}, {"sampleId": 469, "boundingBoxes": [{"label": 2, "x": 31, "y": 19, "w": 31, "h": 31}]}, {"sampleId": 138, "boundingBoxes": [{"label": 1, "x": 36, "y": 20, "w": 16, "h": 17}, {"label": 2, "x": 57, "y": 28, "w": 16, "h": 17}, {"label": 2, "x": 35, "y": 47, "w": 16, "h": 17}]}, {"sampleId": 427, "boundingBoxes": [{"label": 2, "x": 48, "y": 5, "w": 28, "h": 29}, {"label": 2, "x": 17, "y": 21, "w": 25, "h": 23}, {"label": 2, "x": 42, "y": 41, "w": 24, "h": 26}]}, {"sampleId": 253, "boundingBoxes": [{"label": 2, "x": 8, "y": 45, "w": 27, "h": 24}, {"label": 1, "x": 57, "y": 42, "w": 25, "h": 25}]}, {"sampleId": 539, "boundingBoxes": [{"label": 2, "x": 29, "y": 12, "w": 46, "h": 46}]}, {"sampleId": 12, "boundingBoxes": [{"label": 1, "x": 36, "y": 21, "w": 15, "h": 15}, {"label": 2, "x": 58, "y": 27, "w": 15, "h": 15}, {"label": 2, "x": 38, "y": 48, "w": 14, "h": 16}]}, {"sampleId": 125, "boundingBoxes": [{"label": 2, "x": 25, "y": 6, "w": 17, "h": 17}, {"label": 1, "x": 40, "y": 31, "w": 15, "h": 16}, {"label": 2, "x": 66, "y": 25, "w": 19, "h": 21}, {"label": 1, "x": 16, "y": 44, "w": 21, "h": 19}]}, {"sampleId": 78, "boundingBoxes": [{"label": 1, "x": 27, "y": 15, "w": 44, "h": 43}]}, {"sampleId": 157, "boundingBoxes": [{"label": 1, "x": 9, "y": 23, "w": 25, "h": 21}, {"label": 1, "x": 60, "y": 32, "w": 24, "h": 21}]}, {"sampleId": 200, "boundingBoxes": [{"label": 2, "x": 19, "y": 6, "w": 63, "h": 63}]}, {"sampleId": 105, "boundingBoxes": [{"label": 2, "x": 20, "y": 11, "w": 18, "h": 19}, {"label": 2, "x": 54, "y": 10, "w": 18, "h": 20}, {"label": 2, "x": 20, "y": 44, "w": 19, "h": 19}, {"label": 1, "x": 52, "y": 45, "w": 20, "h": 20}]}, {"sampleId": 564, "boundingBoxes": [{"label": 1, "x": 19, "y": 13, "w": 22, "h": 23}, {"label": 2, "x": 40, "y": 45, "w": 22, "h": 22}, {"label": 2, "x": 49, "y": 7, "w": 23, "h": 24}]}, {"sampleId": 602, "boundingBoxes": [{"label": 1, "x": 10, "y": 13, "w": 29, "h": 31}, {"label": 2, "x": 52, "y": 50, "w": 33, "h": 31}]}, {"sampleId": 340, "boundingBoxes": [{"label": 2, "x": 16, "y": 8, "w": 59, "h": 58}]}, {"sampleId": 599, "boundingBoxes": [{"label": 1, "x": 18, "y": 18, "w": 16, "h": 16}, {"label": 1, "x": 39, "y": 28, "w": 14, "h": 15}, {"label": 1, "x": 37, "y": 45, "w": 15, "h": 15}, {"label": 2, "x": 47, "y": 3, "w": 18, "h": 20}, {"label": 2, "x": 58, "y": 41, "w": 21, "h": 20}]}, {"sampleId": 438, "boundingBoxes": [{"label": 1, "x": 27, "y": 6, "w": 22, "h": 23}, {"label": 2, "x": 29, "y": 44, "w": 22, "h": 22}, {"label": 2, "x": 56, "y": 16, "w": 23, "h": 24}]}, {"sampleId": 152, "boundingBoxes": [{"label": 2, "x": 16, "y": 31, "w": 10, "h": 10}, {"label": 1, "x": 52, "y": 23, "w": 34, "h": 32}]}, {"sampleId": 493, "boundingBoxes": [{"label": 2, "x": 35, "y": 6, "w": 27, "h": 29}, {"label": 1, "x": 42, "y": 41, "w": 28, "h": 27}]}, {"sampleId": 627, "boundingBoxes": [{"label": 2, "x": 21, "y": 1, "w": 23, "h": 24}, {"label": 1, "x": 60, "y": 37, "w": 27, "h": 25}, {"label": 2, "x": 44, "y": 9, "w": 23, "h": 24}, {"label": 1, "x": 19, "y": 28, "w": 27, "h": 27}]}, {"sampleId": 609, "boundingBoxes": [{"label": 2, "x": 15, "y": 14, "w": 23, "h": 23}, {"label": 2, "x": 47, "y": 5, "w": 23, "h": 24}, {"label": 2, "x": 23, "y": 46, "w": 23, "h": 23}, {"label": 1, "x": 55, "y": 38, "w": 25, "h": 25}]}, {"sampleId": 378, "boundingBoxes": [{"label": 2, "x": 15, "y": 16, "w": 54, "h": 54}]}, {"sampleId": 538, "boundingBoxes": [{"label": 2, "x": 50, "y": 0, "w": 28, "h": 27}, {"label": 2, "x": 19, "y": 41, "w": 31, "h": 31}]}, {"sampleId": 67, "boundingBoxes": [{"label": 2, "x": 17, "y": 9, "w": 13, "h": 13}, {"label": 2, "x": 38, "y": 31, "w": 12, "h": 12}, {"label": 2, "x": 19, "y": 51, "w": 14, "h": 13}, {"label": 2, "x": 59, "y": 11, "w": 13, "h": 14}, {"label": 2, "x": 59, "y": 50, "w": 15, "h": 12}]}, {"sampleId": 297, "boundingBoxes": [{"label": 1, "x": 17, "y": 16, "w": 18, "h": 19}, {"label": 2, "x": 58, "y": 11, "w": 20, "h": 19}, {"label": 2, "x": 21, "y": 48, "w": 19, "h": 18}, {"label": 1, "x": 60, "y": 44, "w": 20, "h": 19}]}, {"sampleId": 364, "boundingBoxes": [{"label": 2, "x": 42, "y": 8, "w": 19, "h": 20}, {"label": 1, "x": 32, "y": 27, "w": 18, "h": 18}, {"label": 1, "x": 55, "y": 29, "w": 20, "h": 19}, {"label": 1, "x": 45, "y": 50, "w": 21, "h": 19}]}, {"sampleId": 306, "boundingBoxes": [{"label": 2, "x": 21, "y": 1, "w": 25, "h": 26}, {"label": 2, "x": 15, "y": 41, "w": 23, "h": 24}, {"label": 2, "x": 61, "y": 31, "w": 23, "h": 21}]}, {"sampleId": 402, "boundingBoxes": [{"label": 2, "x": 11, "y": 15, "w": 29, "h": 29}, {"label": 1, "x": 53, "y": 29, "w": 30, "h": 28}]}, {"sampleId": 553, "boundingBoxes": [{"label": 2, "x": 38, "y": 0, "w": 28, "h": 29}, {"label": 2, "x": 18, "y": 30, "w": 25, "h": 23}, {"label": 2, "x": 50, "y": 35, "w": 24, "h": 26}]}, {"sampleId": 58, "boundingBoxes": [{"label": 1, "x": 24, "y": 2, "w": 22, "h": 23}, {"label": 1, "x": 18, "y": 44, "w": 18, "h": 18}, {"label": 1, "x": 60, "y": 31, "w": 21, "h": 18}]}, {"sampleId": 99, "boundingBoxes": [{"label": 1, "x": 7, "y": 31, "w": 24, "h": 24}, {"label": 2, "x": 60, "y": 42, "w": 24, "h": 25}]}, {"sampleId": 396, "boundingBoxes": [{"label": 2, "x": 28, "y": 0, "w": 34, "h": 34}, {"label": 1, "x": 43, "y": 31, "w": 34, "h": 34}]}, {"sampleId": 421, "boundingBoxes": [{"label": 2, "x": 19, "y": 12, "w": 47, "h": 47}]}, {"sampleId": 93, "boundingBoxes": [{"label": 2, "x": 17, "y": 7, "w": 13, "h": 14}, {"label": 2, "x": 21, "y": 50, "w": 14, "h": 14}, {"label": 2, "x": 59, "y": 9, "w": 14, "h": 14}, {"label": 2, "x": 62, "y": 48, "w": 14, "h": 12}]}, {"sampleId": 380, "boundingBoxes": [{"label": 1, "x": 6, "y": 43, "w": 41, "h": 42}]}, {"sampleId": 169, "boundingBoxes": [{"label": 2, "x": 22, "y": 16, "w": 42, "h": 42}]}, {"sampleId": 44, "boundingBoxes": [{"label": 1, "x": 29, "y": 14, "w": 31, "h": 31}]}, {"sampleId": 256, "boundingBoxes": [{"label": 2, "x": 18, "y": 32, "w": 41, "h": 42}]}, {"sampleId": 120, "boundingBoxes": [{"label": 2, "x": 34, "y": 24, "w": 15, "h": 16}, {"label": 1, "x": 48, "y": 29, "w": 17, "h": 16}, {"label": 2, "x": 64, "y": 33, "w": 15, "h": 17}, {"label": 1, "x": 17, "y": 16, "w": 17, "h": 18}]}, {"sampleId": 89, "boundingBoxes": [{"label": 1, "x": 7, "y": 16, "w": 37, "h": 33}, {"label": 1, "x": 51, "y": 16, "w": 37, "h": 32}]}, {"sampleId": 470, "boundingBoxes": [{"label": 2, "x": 22, "y": 3, "w": 20, "h": 21}, {"label": 1, "x": 39, "y": 28, "w": 17, "h": 17}, {"label": 2, "x": 48, "y": 52, "w": 23, "h": 22}]}, {"sampleId": 3, "boundingBoxes": [{"label": 2, "x": 24, "y": 32, "w": 48, "h": 51}]}, {"sampleId": 57, "boundingBoxes": [{"label": 2, "x": 50, "y": 8, "w": 21, "h": 22}, {"label": 2, "x": 22, "y": 36, "w": 22, "h": 22}, {"label": 2, "x": 54, "y": 38, "w": 22, "h": 22}]}, {"sampleId": 458, "boundingBoxes": [{"label": 1, "x": 19, "y": 9, "w": 58, "h": 55}]}, {"sampleId": 547, "boundingBoxes": [{"label": 2, "x": 20, "y": 15, "w": 47, "h": 47}]}, {"sampleId": 575, "boundingBoxes": [{"label": 1, "x": 25, "y": 20, "w": 16, "h": 17}, {"label": 1, "x": 60, "y": 27, "w": 17, "h": 17}]}, {"sampleId": 26, "boundingBoxes": [{"label": 2, "x": 16, "y": 33, "w": 9, "h": 9}, {"label": 1, "x": 54, "y": 22, "w": 32, "h": 30}]}, {"sampleId": 50, "boundingBoxes": [{"label": 2, "x": 26, "y": 16, "w": 27, "h": 29}]}, {"sampleId": 326, "boundingBoxes": [{"label": 2, "x": 19, "y": 6, "w": 63, "h": 63}]}, {"sampleId": 140, "boundingBoxes": [{"label": 2, "x": 43, "y": 7, "w": 20, "h": 21}, {"label": 2, "x": 12, "y": 32, "w": 21, "h": 21}, {"label": 2, "x": 53, "y": 30, "w": 21, "h": 20}]}, {"sampleId": 175, "boundingBoxes": [{"label": 2, "x": 46, "y": 4, "w": 25, "h": 26}, {"label": 2, "x": 18, "y": 25, "w": 22, "h": 20}, {"label": 2, "x": 46, "y": 41, "w": 21, "h": 23}]}, {"sampleId": 309, "boundingBoxes": [{"label": 2, "x": 48, "y": 6, "w": 23, "h": 24}, {"label": 2, "x": 22, "y": 36, "w": 24, "h": 24}, {"label": 2, "x": 54, "y": 36, "w": 24, "h": 24}]}, {"sampleId": 49, "boundingBoxes": [{"label": 2, "x": 46, "y": 4, "w": 23, "h": 24}, {"label": 2, "x": 19, "y": 28, "w": 21, "h": 18}, {"label": 2, "x": 49, "y": 41, "w": 19, "h": 21}]}, {"sampleId": 415, "boundingBoxes": [{"label": 1, "x": 19, "y": 9, "w": 51, "h": 51}]}, {"sampleId": 82, "boundingBoxes": [{"label": 1, "x": 16, "y": 4, "w": 36, "h": 38}, {"label": 2, "x": 49, "y": 31, "w": 41, "h": 40}]}, {"sampleId": 495, "boundingBoxes": [{"label": 1, "x": 22, "y": 3, "w": 24, "h": 24}, {"label": 1, "x": 58, "y": 14, "w": 24, "h": 25}, {"label": 1, "x": 11, "y": 36, "w": 26, "h": 24}, {"label": 1, "x": 51, "y": 47, "w": 23, "h": 23}]}, {"sampleId": 569, "boundingBoxes": [{"label": 2, "x": 5, "y": 25, "w": 19, "h": 20}, {"label": 2, "x": 28, "y": 18, "w": 17, "h": 19}, {"label": 2, "x": 51, "y": 8, "w": 20, "h": 21}, {"label": 2, "x": 10, "y": 47, "w": 19, "h": 21}, {"label": 2, "x": 37, "y": 39, "w": 19, "h": 19}, {"label": 2, "x": 67, "y": 55, "w": 24, "h": 23}, {"label": 2, "x": 18, "y": 76, "w": 21, "h": 21}, {"label": 2, "x": 45, "y": 66, "w": 20, "h": 20}, {"label": 1, "x": 59, "y": 30, "w": 21, "h": 21}]}, {"sampleId": 393, "boundingBoxes": [{"label": 2, "x": 45, "y": 6, "w": 21, "h": 22}, {"label": 2, "x": 17, "y": 23, "w": 22, "h": 20}, {"label": 2, "x": 51, "y": 46, "w": 24, "h": 23}]}, {"sampleId": 440, "boundingBoxes": [{"label": 2, "x": 27, "y": 6, "w": 22, "h": 23}, {"label": 1, "x": 52, "y": 46, "w": 24, "h": 22}, {"label": 1, "x": 57, "y": 13, "w": 21, "h": 21}, {"label": 1, "x": 19, "y": 38, "w": 23, "h": 22}]}, {"sampleId": 289, "boundingBoxes": [{"label": 1, "x": 22, "y": 13, "w": 45, "h": 45}]}, {"sampleId": 535, "boundingBoxes": [{"label": 1, "x": 9, "y": 31, "w": 28, "h": 25}, {"label": 1, "x": 59, "y": 21, "w": 27, "h": 24}]}, {"sampleId": 327, "boundingBoxes": [{"label": 1, "x": 36, "y": 35, "w": 36, "h": 35}, {"label": 2, "x": 35, "y": 0, "w": 34, "h": 35}]}, {"sampleId": 344, "boundingBoxes": [{"label": 2, "x": 16, "y": 11, "w": 17, "h": 19}, {"label": 1, "x": 40, "y": 29, "w": 15, "h": 15}, {"label": 2, "x": 58, "y": 48, "w": 21, "h": 19}]}, {"sampleId": 31, "boundingBoxes": [{"label": 1, "x": 10, "y": 27, "w": 23, "h": 19}, {"label": 1, "x": 61, "y": 31, "w": 23, "h": 19}]}, {"sampleId": 398, "boundingBoxes": [{"label": 1, "x": 36, "y": 20, "w": 33, "h": 33}]}, {"sampleId": 503, "boundingBoxes": [{"label": 2, "x": 29, "y": 1, "w": 21, "h": 21}, {"label": 1, "x": 38, "y": 29, "w": 19, "h": 19}, {"label": 2, "x": 63, "y": 31, "w": 24, "h": 25}, {"label": 1, "x": 10, "y": 36, "w": 26, "h": 24}]}, {"sampleId": 570, "boundingBoxes": [{"label": 2, "x": 5, "y": 38, "w": 18, "h": 19}, {"label": 1, "x": 32, "y": 4, "w": 15, "h": 17}, {"label": 2, "x": 37, "y": 39, "w": 18, "h": 18}, {"label": 2, "x": 64, "y": 35, "w": 18, "h": 18}, {"label": 1, "x": 38, "y": 72, "w": 19, "h": 18}]}, {"sampleId": 408, "boundingBoxes": [{"label": 1, "x": 35, "y": 23, "w": 34, "h": 34}]}, {"sampleId": 593, "boundingBoxes": [{"label": 1, "x": 4, "y": 18, "w": 44, "h": 42}, {"label": 1, "x": 46, "y": 6, "w": 44, "h": 41}]}, {"sampleId": 77, "boundingBoxes": [{"label": 1, "x": 8, "y": 5, "w": 40, "h": 40}, {"label": 1, "x": 45, "y": 27, "w": 42, "h": 43}]}, {"sampleId": 313, "boundingBoxes": [{"label": 1, "x": 27, "y": 3, "w": 22, "h": 25}, {"label": 2, "x": 24, "y": 41, "w": 23, "h": 24}, {"label": 2, "x": 54, "y": 17, "w": 24, "h": 23}]}, {"sampleId": 13, "boundingBoxes": [{"label": 1, "x": 19, "y": 14, "w": 17, "h": 18}, {"label": 1, "x": 20, "y": 41, "w": 18, "h": 19}, {"label": 1, "x": 49, "y": 37, "w": 17, "h": 16}]}, {"sampleId": 484, "boundingBoxes": [{"label": 2, "x": 20, "y": 5, "w": 24, "h": 24}, {"label": 1, "x": 57, "y": 8, "w": 25, "h": 26}, {"label": 1, "x": 40, "y": 45, "w": 25, "h": 25}]}, {"sampleId": 507, "boundingBoxes": [{"label": 2, "x": 21, "y": 25, "w": 60, "h": 62}]}, {"sampleId": 221, "boundingBoxes": [{"label": 1, "x": 23, "y": 12, "w": 14, "h": 15}, {"label": 1, "x": 40, "y": 28, "w": 12, "h": 13}, {"label": 1, "x": 33, "y": 44, "w": 13, "h": 13}, {"label": 2, "x": 55, "y": 9, "w": 16, "h": 18}, {"label": 2, "x": 52, "y": 49, "w": 18, "h": 18}]}, {"sampleId": 626, "boundingBoxes": [{"label": 2, "x": 38, "y": 1, "w": 22, "h": 20}, {"label": 1, "x": 54, "y": 24, "w": 22, "h": 22}, {"label": 2, "x": 61, "y": 12, "w": 22, "h": 24}, {"label": 1, "x": 33, "y": 29, "w": 22, "h": 21}, {"label": 2, "x": 42, "y": 18, "w": 21, "h": 19}, {"label": 2, "x": 45, "y": 36, "w": 22, "h": 21}]}, {"sampleId": 504, "boundingBoxes": [{"label": 2, "x": 13, "y": 19, "w": 55, "h": 54}]}, {"sampleId": 165, "boundingBoxes": [{"label": 1, "x": 25, "y": 12, "w": 37, "h": 38}]}, {"sampleId": 606, "boundingBoxes": [{"label": 1, "x": 10, "y": 6, "w": 26, "h": 26}, {"label": 1, "x": 37, "y": 22, "w": 24, "h": 24}, {"label": 1, "x": 57, "y": 16, "w": 25, "h": 25}, {"label": 1, "x": 19, "y": 47, "w": 27, "h": 27}, {"label": 1, "x": 41, "y": 42, "w": 25, "h": 26}, {"label": 2, "x": 32, "y": 1, "w": 23, "h": 24}, {"label": 2, "x": 51, "y": -3, "w": 25, "h": 25}, {"label": 2, "x": 61, "y": 37, "w": 26, "h": 25}, {"label": 2, "x": 14, "y": 27, "w": 26, "h": 24}]}, {"sampleId": 521, "boundingBoxes": [{"label": 2, "x": 47, "y": 28, "w": 31, "h": 31}]}, {"sampleId": 34, "boundingBoxes": [{"label": 2, "x": 57, "y": 7, "w": 23, "h": 22}, {"label": 2, "x": 17, "y": 40, "w": 25, "h": 26}]}, {"sampleId": 194, "boundingBoxes": [{"label": 2, "x": 30, "y": 18, "w": 38, "h": 38}]}, {"sampleId": 397, "boundingBoxes": [{"label": 2, "x": 32, "y": 16, "w": 37, "h": 38}]}, {"sampleId": 121, "boundingBoxes": [{"label": 2, "x": 11, "y": 33, "w": 22, "h": 19}, {"label": 1, "x": 39, "y": 30, "w": 18, "h": 18}, {"label": 2, "x": 59, "y": 43, "w": 22, "h": 21}, {"label": 1, "x": 39, "y": 5, "w": 18, "h": 20}]}, {"sampleId": 476, "boundingBoxes": [{"label": 1, "x": 22, "y": 4, "w": 29, "h": 31}, {"label": 2, "x": 40, "y": 58, "w": 33, "h": 31}]}, {"sampleId": 628, "boundingBoxes": [{"label": 2, "x": 40, "y": 8, "w": 19, "h": 17}, {"label": 1, "x": 57, "y": 32, "w": 19, "h": 19}, {"label": 2, "x": 15, "y": 35, "w": 19, "h": 19}, {"label": 1, "x": 39, "y": 28, "w": 17, "h": 15}]}, {"sampleId": 403, "boundingBoxes": [{"label": 1, "x": 44, "y": 2, "w": 27, "h": 29}, {"label": 1, "x": 35, "y": 38, "w": 27, "h": 29}]}, {"sampleId": 243, "boundingBoxes": [{"label": 1, "x": 20, "y": 7, "w": 21, "h": 21}, {"label": 1, "x": 58, "y": 12, "w": 22, "h": 22}, {"label": 1, "x": 15, "y": 41, "w": 23, "h": 21}, {"label": 1, "x": 56, "y": 46, "w": 21, "h": 20}]}, {"sampleId": 36, "boundingBoxes": [{"label": 1, "x": 16, "y": 27, "w": 19, "h": 19}, {"label": 2, "x": 61, "y": 31, "w": 18, "h": 16}]}, {"sampleId": 173, "boundingBoxes": [{"label": 1, "x": 57, "y": 3, "w": 15, "h": 16}, {"label": 2, "x": 19, "y": 7, "w": 15, "h": 14}, {"label": 1, "x": 43, "y": 40, "w": 25, "h": 26}]}, {"sampleId": 537, "boundingBoxes": [{"label": 2, "x": 24, "y": 9, "w": 55, "h": 55}]}, {"sampleId": 240, "boundingBoxes": [{"label": 1, "x": 30, "y": 3, "w": 15, "h": 17}, {"label": 1, "x": 57, "y": 18, "w": 16, "h": 17}, {"label": 2, "x": 12, "y": 23, "w": 20, "h": 19}, {"label": 2, "x": 56, "y": 48, "w": 21, "h": 20}]}, {"sampleId": 497, "boundingBoxes": [{"label": 1, "x": 16, "y": 4, "w": 30, "h": 32}, {"label": 1, "x": 58, "y": 25, "w": 29, "h": 31}, {"label": 1, "x": -1, "y": 39, "w": 31, "h": 32}, {"label": 1, "x": 38, "y": 66, "w": 33, "h": 33}]}, {"sampleId": 356, "boundingBoxes": [{"label": 1, "x": 38, "y": 28, "w": 22, "h": 23}]}, {"sampleId": 596, "boundingBoxes": [{"label": 2, "x": 13, "y": 14, "w": 20, "h": 21}, {"label": 1, "x": 39, "y": 28, "w": 17, "h": 17}, {"label": 2, "x": 61, "y": 42, "w": 23, "h": 22}]}, {"sampleId": 101, "boundingBoxes": [{"label": 1, "x": 22, "y": 12, "w": 21, "h": 21}, {"label": 1, "x": 62, "y": 25, "w": 17, "h": 19}, {"label": 2, "x": 33, "y": 44, "w": 18, "h": 18}]}, {"sampleId": 541, "boundingBoxes": [{"label": 1, "x": 19, "y": 10, "w": 51, "h": 51}]}, {"sampleId": 192, "boundingBoxes": [{"label": 2, "x": 8, "y": 28, "w": 16, "h": 17}, {"label": 1, "x": 45, "y": 4, "w": 13, "h": 16}, {"label": 2, "x": 38, "y": 39, "w": 16, "h": 16}, {"label": 2, "x": 65, "y": 45, "w": 15, "h": 16}, {"label": 1, "x": 27, "y": 71, "w": 17, "h": 16}]}, {"sampleId": 369, "boundingBoxes": [{"label": 1, "x": 17, "y": 10, "w": 21, "h": 21}, {"label": 1, "x": 55, "y": 8, "w": 22, "h": 22}, {"label": 1, "x": 18, "y": 45, "w": 23, "h": 21}, {"label": 1, "x": 59, "y": 42, "w": 21, "h": 20}]}, {"sampleId": 372, "boundingBoxes": [{"label": 2, "x": 33, "y": 24, "w": 16, "h": 17}, {"label": 1, "x": 48, "y": 27, "w": 18, "h": 18}, {"label": 2, "x": 63, "y": 30, "w": 17, "h": 18}, {"label": 1, "x": 15, "y": 17, "w": 19, "h": 19}]}, {"sampleId": 238, "boundingBoxes": [{"label": 2, "x": 45, "y": 9, "w": 19, "h": 20}, {"label": 1, "x": 32, "y": 26, "w": 18, "h": 18}, {"label": 1, "x": 54, "y": 32, "w": 20, "h": 19}, {"label": 1, "x": 41, "y": 51, "w": 21, "h": 19}]}, {"sampleId": 181, "boundingBoxes": [{"label": 1, "x": 29, "y": 25, "w": 18, "h": 16}, {"label": 2, "x": 51, "y": 16, "w": 16, "h": 17}, {"label": 2, "x": 48, "y": 44, "w": 16, "h": 17}]}, {"sampleId": 531, "boundingBoxes": [{"label": 2, "x": 18, "y": 39, "w": 12, "h": 11}, {"label": 2, "x": 49, "y": 8, "w": 39, "h": 37}]}, {"sampleId": 492, "boundingBoxes": [{"label": 1, "x": 33, "y": 1, "w": 18, "h": 19}, {"label": 1, "x": 58, "y": 20, "w": 19, "h": 19}, {"label": 2, "x": 12, "y": 17, "w": 22, "h": 22}, {"label": 2, "x": 50, "y": 50, "w": 24, "h": 23}]}, {"sampleId": 465, "boundingBoxes": [{"label": 2, "x": 26, "y": 16, "w": 48, "h": 47}]}, {"sampleId": 147, "boundingBoxes": [{"label": 1, "x": 19, "y": 21, "w": 23, "h": 23}, {"label": 1, "x": 60, "y": 31, "w": 24, "h": 22}]}, {"sampleId": 281, "boundingBoxes": [{"label": 2, "x": 51, "y": 23, "w": 12, "h": 11}, {"label": 2, "x": 34, "y": 39, "w": 12, "h": 14}]}, {"sampleId": 79, "boundingBoxes": [{"label": 2, "x": 18, "y": 8, "w": 59, "h": 58}]}, {"sampleId": 5, "boundingBoxes": [{"label": 2, "x": 24, "y": 32, "w": 45, "h": 45}]}, {"sampleId": 592, "boundingBoxes": [{"label": 2, "x": 13, "y": 4, "w": 67, "h": 66}]}, {"sampleId": 185, "boundingBoxes": [{"label": 2, "x": 30, "y": 5, "w": 23, "h": 24}, {"label": 2, "x": 15, "y": 35, "w": 24, "h": 23}, {"label": 2, "x": 59, "y": 38, "w": 23, "h": 21}]}, {"sampleId": 383, "boundingBoxes": [{"label": 2, "x": 18, "y": 26, "w": 55, "h": 55}]}, {"sampleId": 296, "boundingBoxes": [{"label": 1, "x": 27, "y": 13, "w": 34, "h": 33}]}, {"sampleId": 279, "boundingBoxes": [{"label": 2, "x": 18, "y": 35, "w": 10, "h": 10}, {"label": 2, "x": 52, "y": 14, "w": 35, "h": 33}]}, {"sampleId": 117, "boundingBoxes": [{"label": 1, "x": 20, "y": 9, "w": 20, "h": 20}, {"label": 1, "x": 58, "y": 11, "w": 20, "h": 20}, {"label": 1, "x": 17, "y": 44, "w": 21, "h": 19}, {"label": 1, "x": 58, "y": 45, "w": 19, "h": 18}]}, {"sampleId": 544, "boundingBoxes": [{"label": 1, "x": 6, "y": 22, "w": 39, "h": 36}, {"label": 2, "x": 51, "y": 11, "w": 36, "h": 36}]}, {"sampleId": 108, "boundingBoxes": [{"label": 1, "x": 16, "y": 22, "w": 26, "h": 25}, {"label": 1, "x": 51, "y": 24, "w": 27, "h": 24}]}, {"sampleId": 491, "boundingBoxes": [{"label": 2, "x": 43, "y": 10, "w": 24, "h": 24}, {"label": 1, "x": 24, "y": 27, "w": 23, "h": 22}, {"label": 1, "x": 48, "y": 40, "w": 24, "h": 23}]}]